Ticker,Fiscal_Year,Period_End_Date,Revenue_Millions_USD,Cost_Of_Revenue_Millions_USD,Gross_Profit_Millions_USD,Net_Income_Millions_USD,Diluted_Shares_Millions,Diluted_EPS_USD,Operating_Cash_Flow_Millions_USD,CapEx_Millions_USD,Free_Cash_Flow_Millions_USD,Total_Cash_Millions_USD,Total_Current_Assets_Millions_USD,Total_Current_Liabilities_Millions_USD,Working_Capital_Millions_USD,Total_Debt_Millions_USD,Total_Assets_Millions_USD,Total_Liabilities_Millions_USD,Total_Equity_Millions_USD,Goodwill_And_Intangibles_Millions_USD,Data_Source
ADBE,2025,2025-11-28,23769.0,2551.0,21218.0,7130.0,427.0,16.698,10031.0,179.0,9852.0,6595.0,10163.0,10200.0,-37.0,0.0,29496.0,17873.0,11623.0,12857.0,SEC EDGAR
ADBE,2024,2024-11-29,21505.0,2358.0,19147.0,5560.0,449.7,12.364,8056.0,183.0,7873.0,7886.0,11232.0,10521.0,711.0,1500.0,30230.0,16125.0,14105.0,12788.0,SEC EDGAR
ADBE,2023,2023-12-01,19409.0,2354.0,17055.0,5428.0,459.1,11.823,7302.0,360.0,6942.0,7842.0,11084.0,8251.0,2833.0,0.0,29779.0,13261.0,16518.0,12805.0,SEC EDGAR
ADBE,2022,2022-12-02,17606.0,2165.0,15441.0,4756.0,470.9,10.1,7838.0,442.0,7396.0,6096.0,8996.0,8128.0,868.0,0.0,27165.0,13114.0,14051.0,12787.0,SEC EDGAR
ADBE,2021,2021-12-03,15785.0,1865.0,13920.0,4822.0,481.0,10.025,7230.0,348.0,6882.0,5798.0,8669.0,6932.0,1737.0,0.0,27241.0,12444.0,14797.0,12668.0,SEC EDGAR
ADBE,2020,2020-11-27,12868.0,1722.0,11146.0,5260.0,485.5,10.834,5727.0,419.0,5308.0,5992.0,8146.0,5512.0,2634.0,0.0,24284.0,11020.0,13264.0,10742.0,SEC EDGAR
ADBE,2019,2019-11-29,11171.0,1673.0,9498.0,2951.0,491.6,6.003,4422.0,395.0,4027.0,4176.976,6494.925,8190.938,-1696.013,0.0,20762.4,10232.245,10530.155,10691.199,SEC EDGAR
ADBE,2018,2018-11-30,9030.0,1195.0,7835.0,2591.0,497.8,5.205,4029.0,267.0,3762.0,3228.962,4857.039,4301.126,555.913,0.0,18768.682,9406.568,9362.114,10581.048,SEC EDGAR
ADBE,2017,2017-12-01,7301.505,1010.491,6291.014,1693.954,501.123,3.38,2912.853,178.122,2734.731,5819.774,7247.813,3527.457,3720.356,0.0,14535.556,6075.687,8459.869,5821.561,SEC EDGAR
ADBE,2016,2016-12-02,5854.43,819.908,5034.522,1168.782,504.299,2.318,2199.728,203.805,1995.923,4761.3,5839.774,2811.635,3028.139,0.0,12707.114,5282.279,7424.835,5406.474,SEC EDGAR
ADBE,2015,2015-11-27,4795.511,744.317,4051.194,629.551,507.164,1.241,1469.502,184.936,1284.566,3988.084,4821.892,2213.556,2608.336,0.0,11726.472,4724.892,7001.58,5366.881,SEC EDGAR
ADBE,2014,2014-11-28,4147.065,622.08,3524.985,268.395,508.48,0.528,1287.482,148.332,1139.15,3739.491,4602.328,2494.435,2107.893,1514.315,10785.829,4009.924,6775.905,4721.962,SEC EDGAR
ADBE,2013,2013-11-29,4055.24,586.557,3468.683,289.985,513.476,0.565,1151.686,188.358,963.328,3173.752,4045.929,1525.648,2520.281,14.676,10380.298,3655.664,6724.634,4771.981,SEC EDGAR
ADBE,2012,2012-11-30,4403.677,483.782,3919.895,832.775,502.721,1.657,1499.58,271.076,1228.504,3538.353,4331.36,1271.752,3059.608,0.0,9974.523,3309.341,6665.182,4133.259,SEC EDGAR
ADBE,2011,2011-12-02,4216.258,437.873,3778.385,832.847,503.921,1.653,1543.314,210.294,1333.02,2911.692,3771.451,1250.779,2520.672,0.0,8991.183,3208.07,5783.113,3849.217,SEC EDGAR
ADBE,2010,2010-12-03,3800.0,403.502,3396.498,774.68,525.824,1.473,1112.995,169.642,943.353,2468.015,3216.05,1068.088,2147.962,0.0,8141.148,2948.761,5192.387,3641.844,SEC EDGAR
ADBE,2009,2009-11-27,2945.853,296.732,2649.121,386.508,530.61,0.728,1117.794,119.592,998.202,1904.473,2473.624,844.553,1629.071,1000.0,7282.237,2391.669,4890.568,3494.589,SEC EDGAR
ADBE,2008,2008-11-28,3579.889,362.63,3217.259,871.814,548.553,1.589,1280.682,111.792,1168.89,2019.202,2735.103,762.599,1972.504,350.0,5821.598,1411.244,4410.354,2134.73,SEC EDGAR
ADBE,2007,2007-11-30,3157.881,354.694,2803.187,723.807,598.775,1.209,1441.053,132.075,1308.978,946.422,0.0,0.0,0.0,0.0,0.0,0.0,0.0,0.0,SEC EDGAR
AMD,2025,2025-12-27,34639.0,17487.0,17152.0,4335.0,1636.0,2.65,7709.0,974.0,6735.0,10552.0,26947.0,9455.0,17492.0,4096.0,76926.0,0.0,76926.0,41831.0,SEC EDGAR
AMD,2024,2024-12-28,25785.0,13060.0,12725.0,1641.0,1637.0,1.002,3041.0,636.0,2405.0,5132.0,19049.0,7281.0,11768.0,1721.0,69226.0,0.0,69226.0,43769.0,SEC EDGAR
AMD,2023,2023-12-30,22680.0,12220.0,10460.0,854.0,1625.0,0.526,1667.0,546.0,1121.0,5773.0,16768.0,6689.0,10079.0,3219.0,67885.0,0.0,67885.0,45625.0,SEC EDGAR
AMD,2022,2022-12-31,23601.0,12998.0,10603.0,1320.0,1571.0,0.84,3565.0,450.0,3115.0,5855.0,15019.0,6369.0,8650.0,2467.0,67580.0,0.0,67580.0,48295.0,SEC EDGAR
AMD,2021,2021-12-25,16434.0,8505.0,7929.0,3162.0,1229.0,2.573,3521.0,301.0,3220.0,3608.0,8583.0,4240.0,4343.0,313.0,12419.0,0.0,12419.0,289.0,SEC EDGAR
AMD,2020,2020-12-26,9763.0,5416.0,4347.0,2490.0,1207.0,2.063,1071.0,294.0,777.0,2290.0,6143.0,2417.0,3726.0,330.0,8962.0,0.0,8962.0,289.0,SEC EDGAR
AMD,2019,2019-12-28,6731.0,3863.0,2868.0,341.0,1120.0,0.304,493.0,217.0,276.0,1503.0,4597.0,2359.0,2238.0,486.0,6028.0,0.0,6028.0,289.0,SEC EDGAR
AMD,2018,2018-12-29,6475.0,4028.0,2447.0,337.0,1064.0,0.317,34.0,163.0,-129.0,1078.0,3540.0,1984.0,1556.0,1114.0,4556.0,0.0,4556.0,289.0,SEC EDGAR
AMD,2017,2017-12-30,5329.0,3466.0,1863.0,-33.0,952.0,-0.035,12.0,113.0,-101.0,1185.0,2622.0,1486.0,1136.0,1325.0,3540.0,0.0,3540.0,289.0,SEC EDGAR
AMD,2016,2016-12-31,4272.0,3316.0,956.0,-498.0,835.0,-0.596,81.0,77.0,4.0,1264.0,2530.0,1346.0,1184.0,1435.0,3321.0,0.0,3321.0,289.0,SEC EDGAR
AMD,2015,2015-12-26,3991.0,2911.0,1080.0,-660.0,783.0,-0.843,-226.0,96.0,-322.0,785.0,2320.0,1403.0,917.0,2485.0,3109.0,0.0,3109.0,278.0,SEC EDGAR
AMD,2014,2014-12-27,5506.0,3667.0,1839.0,-403.0,768.0,-0.525,-98.0,95.0,-193.0,805.0,2736.0,1440.0,1296.0,2374.0,3767.0,0.0,3767.0,385.0,SEC EDGAR
AMD,2013,2013-12-28,5299.0,3321.0,1978.0,-83.0,754.0,-0.11,-148.0,84.0,-232.0,869.0,2884.0,1618.0,1266.0,2101.0,4337.0,0.0,4337.0,631.0,SEC EDGAR
AMD,2012,2012-12-29,5422.0,4187.0,1235.0,-1183.0,741.0,-1.596,-338.0,133.0,-471.0,549.0,2265.0,1397.0,868.0,2024.0,4000.0,0.0,4000.0,649.0,SEC EDGAR
AMD,2011,2011-12-31,6568.0,3628.0,2940.0,491.0,742.0,0.662,382.0,250.0,132.0,869.0,3229.0,1774.0,1455.0,489.0,4954.0,0.0,4954.0,331.0,SEC EDGAR
AMD,2010,2010-12-25,6494.0,3533.0,2961.0,471.0,733.0,0.643,-412.0,148.0,-560.0,606.0,3594.0,1674.0,1920.0,4.0,4964.0,0.0,4964.0,360.0,SEC EDGAR
AMKR,2025,2025-12-31,6707.981,5769.382,938.599,373.895,248.454,1.505,1095.606,904.614,190.992,1991.385,3884.761,1711.972,2172.789,1282.816,8136.309,3630.022,4506.287,18.003,SEC EDGAR
AMKR,2024,2024-12-31,6317.692,5384.48,933.212,354.012,247.818,1.429,1088.868,743.796,345.072,1646.537,3073.472,1455.275,1618.197,923.431,6944.328,2761.163,4183.165,17.947,SEC EDGAR
AMKR,2023,2023-12-31,6503.065,5559.912,943.153,359.813,247.176,1.456,1270.02,749.467,520.553,1594.687,3195.81,1384.475,1811.335,1071.832,6771.125,2776.09,3995.035,20.003,SEC EDGAR
AMKR,2022,2022-12-31,7091.585,5761.598,1329.987,765.823,246.205,3.111,1098.756,908.294,190.462,1241.036,3301.239,1662.411,1638.828,1088.521,6821.757,3122.056,3699.701,21.517,SEC EDGAR
AMKR,2021,2021-12-31,6138.329,4912.775,1225.554,642.995,245.704,2.617,1121.295,779.779,341.516,1078.274,2856.563,1679.735,1176.828,1137.996,6038.554,3066.008,2972.546,24.516,SEC EDGAR
AMKR,2020,2020-12-31,5050.589,4149.775,900.814,338.138,242.248,1.396,770.033,553.021,217.012,831.771,2132.932,1315.987,816.945,1154.346,5022.311,2668.352,2353.959,27.325,SEC EDGAR
AMKR,2019,2019-12-31,4052.65,3403.211,649.439,120.888,240.122,0.503,563.85,472.433,91.417,901.296,2001.533,1059.803,941.73,1450.234,4695.615,2705.376,1990.239,25.976,SEC EDGAR
AMKR,2018,2018-12-31,4316.466,3605.901,710.565,127.092,239.741,0.53,663.41,547.122,116.288,681.569,1671.208,1158.423,512.785,1332.311,4495.447,2639.547,1855.9,25.72,SEC EDGAR
AMKR,2017,2017-12-31,4207.031,3445.952,761.079,263.55,239.651,1.1,618.267,550.943,67.324,596.364,1650.87,1361.789,289.081,1240.581,4521.509,2830.73,1690.779,25.036,SEC EDGAR
AMKR,2016,2016-12-31,3927.849,3217.958,709.891,175.53,238.034,0.737,729.402,650.038,79.364,549.518,1409.696,1005.661,404.035,1364.638,4092.086,2688.682,1403.404,24.122,SEC EDGAR
AMKR,2015,2015-12-31,2884.603,2405.338,479.265,51.098,237.17,0.215,584.975,537.975,47.0,523.172,1317.48,1018.184,299.296,1444.107,4031.3,2806.167,1225.133,19.443,SEC EDGAR
AMKR,2014,2014-12-31,3129.44,2576.618,552.822,129.739,236.731,0.548,614.666,681.12,-66.454,449.946,1197.948,700.59,497.358,1450.824,3635.405,2504.469,1130.936,0.0,SEC EDGAR
AMKR,2013,2013-12-31,2956.45,2411.937,544.513,109.296,235.33,0.464,557.536,566.256,-8.72,610.442,1232.416,690.936,541.48,1516.39,3427.298,2462.358,964.94,0.0,SEC EDGAR
AMKR,2012,2012-12-31,2759.546,2335.736,423.81,41.818,243.004,0.172,389.063,533.512,-144.449,413.048,1091.408,652.627,438.781,1320.0,3025.215,2358.421,666.794,0.0,SEC EDGAR
AMKR,2011,2011-12-31,2776.359,2285.79,490.569,91.808,273.686,0.335,516.832,466.694,50.138,434.631,996.83,642.186,354.644,1062.256,2773.047,2071.826,701.221,0.0,SEC EDGAR
AMKR,2010,2010-12-31,2939.483,2275.727,663.756,231.971,282.602,0.821,542.595,445.669,96.926,404.998,1062.067,772.208,289.859,964.219,2736.822,2100.141,636.681,0.0,SEC EDGAR
AMKR,2009,2009-12-31,2179.109,1698.713,480.396,155.98,263.379,0.592,261.725,173.496,88.229,395.406,932.925,605.837,327.088,1095.241,2432.909,2043.208,389.701,0.0,SEC EDGAR
AMKR,2008,2008-12-31,2658.602,2096.864,561.738,-456.695,182.734,-2.499,605.818,386.239,219.579,424.316,0.0,0.0,0.0,0.0,0.0,0.0,0.0,0.0,SEC EDGAR
AMZN,2025,2025-12-31,716924.0,356414.0,360510.0,77670.0,10827.0,7.174,139514.0,131819.0,7695.0,86810.0,229083.0,218005.0,11078.0,68851.0,818042.0,0.0,818042.0,32470.0,SEC EDGAR
AMZN,2024,2024-12-31,637959.0,326288.0,311671.0,59248.0,10721.0,5.526,115877.0,82999.0,32878.0,78779.0,190867.0,179431.0,11436.0,57791.0,624894.0,0.0,624894.0,31676.0,SEC EDGAR
AMZN,2023,2023-12-31,574785.0,304739.0,270046.0,30425.0,10492.0,2.9,84946.0,52729.0,32217.0,73387.0,172351.0,164917.0,7434.0,66955.0,527854.0,0.0,527854.0,30476.0,SEC EDGAR
AMZN,2022,2022-12-31,513983.0,288831.0,225152.0,-2722.0,10189.0,-0.267,46752.0,63645.0,-16893.0,53888.0,146791.0,155393.0,-8602.0,71349.0,462675.0,0.0,462675.0,26385.0,SEC EDGAR
AMZN,2021,2021-12-31,469822.0,272344.0,197478.0,33364.0,10296.0,3.24,46327.0,61053.0,-14726.0,36220.0,161580.0,142266.0,19314.0,50553.0,420549.0,0.0,420549.0,20478.0,SEC EDGAR
AMZN,2020,2020-12-31,386064.0,233307.0,152757.0,21331.0,10198.0,2.092,66064.0,40140.0,25924.0,42122.0,132733.0,126385.0,6348.0,32971.0,321195.0,0.0,321195.0,19998.0,SEC EDGAR
AMZN,2019,2019-12-31,280522.0,165536.0,114986.0,11588.0,504.0,22.992,38514.0,16861.0,21653.0,36092.0,96334.0,87812.0,8522.0,24721.0,225248.0,0.0,225248.0,18803.0,SEC EDGAR
AMZN,2018,2018-12-31,232887.0,139156.0,93731.0,10073.0,500.0,20.146,30723.0,13427.0,17296.0,31750.0,75101.0,68391.0,6710.0,24866.0,162648.0,0.0,162648.0,18658.0,SEC EDGAR
AMZN,2017,2017-12-31,177866.0,111934.0,65932.0,3033.0,493.0,6.152,18365.0,11955.0,6410.0,20522.0,60197.0,57883.0,2314.0,24843.0,131310.0,0.0,131310.0,16721.0,SEC EDGAR
AMZN,2016,2016-12-31,135987.0,88265.0,47722.0,2371.0,484.0,4.899,17203.0,6737.0,10466.0,19334.0,45781.0,43816.0,1965.0,8750.0,83402.0,0.0,83402.0,4638.0,SEC EDGAR
AMZN,2015,2015-12-31,107006.0,71651.0,35355.0,596.0,477.0,1.249,12039.0,4589.0,7450.0,15890.0,36474.0,33899.0,2575.0,8473.0,65444.0,0.0,65444.0,3759.0,SEC EDGAR
AMZN,2014,2014-12-31,88988.0,62752.0,26236.0,-241.0,462.0,-0.522,6842.0,4893.0,1949.0,14557.0,31327.0,28089.0,3238.0,9785.0,54505.0,0.0,54505.0,3319.0,SEC EDGAR
AMZN,2013,2013-12-31,74452.0,54181.0,20271.0,274.0,465.0,0.589,5475.0,3444.0,2031.0,8658.0,24625.0,22980.0,1645.0,3944.0,40159.0,0.0,40159.0,2655.0,SEC EDGAR
AMZN,2012,2012-12-31,61093.0,45971.0,15122.0,-39.0,453.0,-0.086,4180.0,3785.0,395.0,8084.0,21296.0,19002.0,2294.0,3663.0,32555.0,0.0,32555.0,2552.0,SEC EDGAR
AMZN,2011,2011-12-31,48077.0,37288.0,10789.0,631.0,461.0,1.369,3903.0,1811.0,2092.0,5269.0,17490.0,14896.0,2594.0,384.0,25278.0,0.0,25278.0,1955.0,SEC EDGAR
AMZN,2010,2010-12-31,34204.0,26561.0,7643.0,1152.0,456.0,2.526,3495.0,979.0,2516.0,3777.0,13747.0,10372.0,3375.0,184.0,18797.0,0.0,18797.0,1349.0,SEC EDGAR
AMZN,2009,2009-12-31,24509.0,18978.0,5531.0,902.0,442.0,2.041,3293.0,373.0,2920.0,3444.0,9797.0,7364.0,2433.0,109.0,13813.0,0.0,13813.0,1234.0,SEC EDGAR
AMZN,2008,2008-12-31,19166.0,14896.0,4270.0,645.0,432.0,1.493,1697.0,333.0,1364.0,2769.0,6157.0,4746.0,1411.0,409.0,8314.0,0.0,8314.0,438.0,SEC EDGAR
AMZN,2007,2007-12-31,14835.0,11482.0,3353.0,476.0,424.0,1.123,1405.0,224.0,1181.0,2539.0,0.0,0.0,0.0,0.0,0.0,0.0,0.0,0.0,SEC EDGAR
AVGO,2025,2025-11-02,63887.0,20593.0,43294.0,23126.0,4853.0,4.765,27537.0,623.0,26914.0,16178.0,31573.0,18514.0,13059.0,65136.0,171092.0,89800.0,81292.0,130074.0,SEC EDGAR
AVGO,2024,2024-11-03,51574.0,19065.0,32509.0,5895.0,4778.0,1.234,19962.0,548.0,19414.0,9348.0,19595.0,16697.0,2898.0,1245.0,165645.0,97967.0,67678.0,138456.0,SEC EDGAR
AVGO,2023,2023-10-29,35819.0,11129.0,24690.0,14082.0,4272.0,3.296,18085.0,452.0,17633.0,14189.0,20847.0,7405.0,13442.0,1563.0,72861.0,48873.0,23988.0,47520.0,SEC EDGAR
AVGO,2022,2022-10-30,33203.0,11108.0,22095.0,11495.0,4232.0,2.716,16736.0,424.0,16312.0,12416.0,18504.0,7052.0,11452.0,403.0,73249.0,50540.0,22709.0,50725.0,SEC EDGAR
AVGO,2021,2021-10-31,27450.0,10606.0,16844.0,6437.0,429.0,15.005,13764.0,443.0,13321.0,12163.0,16586.0,6281.0,10305.0,39730.0,75570.0,50581.0,24989.0,54824.0,SEC EDGAR
AVGO,2020,2020-11-01,23888.0,10372.0,13516.0,2663.0,421.0,6.325,12061.0,463.0,11598.0,7618.0,11895.0,6371.0,5524.0,41062.0,75933.0,52032.0,23901.0,60229.0,SEC EDGAR
AVGO,2019,2019-11-03,22597.0,10114.0,12483.0,2695.0,419.0,6.432,9697.0,432.0,9265.0,5055.0,9917.0,6899.0,3018.0,32798.0,67493.0,42523.0,24970.0,54268.0,SEC EDGAR
AVGO,2018,2018-11-04,20848.0,10115.0,10733.0,12259.0,431.0,28.443,8880.0,635.0,8245.0,4292.0,9107.0,2338.0,6769.0,17493.0,50124.0,23467.0,26657.0,37675.0,SEC EDGAR
AVGO,2017,2017-10-29,17636.0,9127.0,8509.0,1692.0,421.0,4.019,6551.0,1069.0,5482.0,11204.0,15823.0,2529.0,13294.0,17548.0,54418.0,31232.0,23186.0,35538.0,SEC EDGAR
AVGO,2016,2016-10-30,13240.0,7300.0,5940.0,-1739.0,383.0,-4.54,3411.0,723.0,2688.0,3097.0,0.0,0.0,0.0,0.0,0.0,0.0,0.0,24732.0,SEC EDGAR
COHR,2025,2025-06-30,5810.115,3766.793,2043.322,49.364,154.755,0.319,633.6,440.836,192.764,909.2,3927.154,1794.841,2132.313,3686.921,14910.936,6429.653,8481.283,4471.084,SEC EDGAR
COHR,2024,2024-06-30,4707.688,3251.724,1455.964,-156.154,151.642,-1.03,545.731,346.816,198.915,926.033,3660.099,1343.767,2316.332,4100.218,14488.634,6542.355,7946.279,4464.329,SEC EDGAR
COHR,2023,2023-06-30,5160.1,3541.817,1618.283,-259.458,137.578,-1.886,634.025,436.06,197.965,821.31,3251.998,1078.748,2173.25,4309.798,13711.133,6482.167,7228.966,4512.7,SEC EDGAR
COHR,2022,2022-06-30,3316.616,2051.12,1265.496,234.759,116.513,2.015,413.332,314.332,99.0,2582.371,4305.192,1266.959,3038.233,2300.426,7844.846,3461.568,4383.278,1285.759,SEC EDGAR
COHR,2021,2021-06-30,3105.891,1928.432,1177.459,297.552,115.034,2.587,574.353,146.337,428.016,1591.892,3027.394,729.589,2297.805,1375.141,6512.65,2380.302,4132.348,1296.727,SEC EDGAR
COHR,2020,2020-06-30,2380.071,1588.89,791.181,-67.029,84.828,-0.79,297.292,136.877,160.415,493.046,1788.969,672.893,1116.076,2255.342,5234.714,3157.911,2076.803,1239.009,SEC EDGAR
COHR,2019,2019-06-30,1362.496,841.147,521.349,107.517,65.804,1.634,178.475,137.122,41.353,204.872,812.911,270.563,542.348,466.997,1953.773,820.564,1133.209,319.778,SEC EDGAR
COHR,2018,2018-06-30,1158.794,696.591,462.203,88.002,65.133,1.351,161.014,153.438,7.576,247.038,761.837,236.467,525.37,439.013,1761.661,737.35,1024.311,270.678,SEC EDGAR
COHR,2017,2017-06-30,972.046,583.684,388.362,95.274,64.507,1.477,118.616,138.517,-19.901,271.888,702.296,184.952,517.344,342.022,1477.297,576.734,900.563,250.342,SEC EDGAR
COHR,2016,2016-06-30,827.216,514.959,312.257,65.486,62.909,1.041,122.97,58.17,64.8,218.445,582.963,171.242,411.721,235.917,1212.591,430.253,782.338,233.755,SEC EDGAR
COHR,2015,2015-06-30,741.961,470.363,271.598,65.975,62.586,1.054,129.366,52.313,77.053,173.634,512.968,139.156,373.812,175.957,1058.164,329.083,729.081,318.356,SEC EDGAR
COHR,2014,2014-06-30,683.261,456.545,226.716,38.449,63.686,0.604,95.462,29.22,66.242,174.66,505.731,135.065,370.666,241.96,1071.926,396.883,675.043,332.549,SEC EDGAR
COHR,2013,2013-06-30,551.075,347.558,203.517,50.813,63.884,0.795,107.607,25.205,82.402,185.433,461.144,94.434,366.71,114.036,863.802,227.694,636.108,210.053,SEC EDGAR
COHR,2012,2012-06-30,516.403,315.056,201.347,60.306,64.385,0.937,88.069,42.797,45.272,134.944,410.373,83.728,326.645,12.769,706.486,115.1,591.386,124.762,SEC EDGAR
COHR,2011,2011-06-30,502.801,295.902,206.899,82.682,63.612,1.3,73.494,40.859,32.635,149.46,395.54,90.967,304.573,18.729,647.202,124.101,523.101,92.994,SEC EDGAR
COHR,2010,2010-06-30,345.091,210.492,134.599,38.577,61.504,0.627,72.42,13.837,58.583,108.026,288.27,73.185,215.085,3.384,508.981,98.121,410.86,81.083,SEC EDGAR
COHR,2009,2009-06-30,292.222,168.615,123.607,36.781,0.06,611.346,48.913,15.557,33.356,95.93,0.0,0.0,0.0,0.0,0.0,0.0,0.0,26.141,SEC EDGAR
CRM,2025,2026-01-31,41525.0,9270.0,32255.0,7457.0,956.0,7.8,14996.0,594.0,14402.0,7327.0,28222.0,37118.0,-8896.0,14439.0,112305.0,53163.0,59142.0,64756.0,SEC EDGAR
CRM,2024,2025-01-31,37895.0,8643.0,29252.0,6197.0,974.0,6.362,13092.0,658.0,12434.0,8848.0,29727.0,27980.0,1747.0,8433.0,102928.0,41755.0,61173.0,55711.0,SEC EDGAR
CRM,2023,2024-01-31,34857.0,8541.0,26316.0,4136.0,984.0,4.203,10234.0,736.0,9498.0,8472.0,29074.0,26631.0,2443.0,9426.0,99823.0,40177.0,59646.0,53898.0,SEC EDGAR
CRM,2022,2023-01-31,31352.0,8360.0,22992.0,208.0,997.0,0.209,7111.0,798.0,6313.0,7016.0,26395.0,25891.0,504.0,10601.0,98849.0,40490.0,58359.0,55693.0,SEC EDGAR
CRM,2021,2022-01-31,26492.0,7026.0,19466.0,1444.0,974.0,1.483,6000.0,717.0,5283.0,5464.0,22850.0,21788.0,1062.0,10596.0,95209.0,37078.0,58131.0,56915.0,SEC EDGAR
CRM,2020,2021-01-31,21252.0,5438.0,15814.0,4072.0,930.0,4.378,4801.0,710.0,4091.0,6195.0,21889.0,17728.0,4161.0,2677.0,66301.0,24808.0,41493.0,30432.0,SEC EDGAR
CRM,2019,2020-01-31,17098.0,4235.0,12863.0,126.0,850.0,0.148,4331.0,643.0,3688.0,4145.0,15963.0,14845.0,1118.0,2677.0,55126.0,21241.0,33885.0,29858.0,SEC EDGAR
CRM,2018,2019-01-31,13282.0,3451.0,9831.0,1110.0,775.0,1.432,3398.0,595.0,2803.0,2669.0,10683.0,11255.0,-572.0,3176.0,30737.0,15132.0,15605.0,14774.0,SEC EDGAR
CRM,2017,2018-01-31,10540.0,2773.0,7767.0,360.0,735.0,0.49,2738.0,534.0,2204.0,2543.484,9290.371,10129.518,-839.147,1719.498,21009.802,11617.439,9392.363,8140.541,SEC EDGAR
CRM,2016,2017-01-31,8391.984,2234.0,6157.984,323.0,700.0,0.461,2162.0,464.0,1698.0,1606.549,5996.827,7258.353,-1261.526,2008.391,17584.923,10084.796,7500.127,8377.22,SEC EDGAR
CRM,2015,2016-01-31,6667.216,0.0,6667.216,-47.426,661.647,-0.072,1672.081,284.476,1387.605,1158.363,4347.327,5617.005,-1269.678,0.0,12770.772,7767.903,5002.869,4339.943,SEC EDGAR
CRM,2014,2015-01-31,5373.586,0.0,5373.586,-262.688,624.148,-0.421,1181.444,290.454,890.99,908.117,3550.072,4390.103,-840.031,0.0,10692.982,6717.799,3975.183,3782.66,SEC EDGAR
CRM,2013,2014-01-31,4071.003,968.428,3102.575,-232.175,597.613,-0.389,883.613,299.11,584.503,781.635,2680.252,3980.188,-1299.936,285.0,9152.93,6087.715,3065.215,3500.823,SEC EDGAR
CRM,2012,2013-01-31,3050.195,683.579,2366.616,-270.445,564.896,-0.479,736.897,175.601,561.296,747.245,2015.88,2917.624,-901.744,0.0,5528.956,3157.711,2371.245,1578.732,SEC EDGAR
CRM,2011,2012-01-31,2266.539,488.886,1777.653,-11.572,541.208,-0.021,591.507,151.645,439.862,607.284,1672.222,2323.471,-651.249,0.0,4164.154,2498.053,1666.101,831.491,SEC EDGAR
CRM,2010,2011-01-31,1657.139,323.813,1333.326,64.474,136.598,0.472,459.081,90.887,368.194,424.292,1074.924,1276.466,-201.542,0.0,3091.165,1814.674,1276.491,427.741,SEC EDGAR
CRM,2009,2010-01-31,1305.583,257.925,1047.658,80.719,128.114,0.63,270.911,49.501,221.41,1011.306,1706.159,908.13,798.029,0.0,2460.201,1403.535,1056.666,55.568,SEC EDGAR
CRM,2008,2009-01-31,1076.769,220.471,856.298,43.428,125.228,0.347,229.557,61.059,168.498,483.834,1068.557,766.966,301.591,0.0,1479.822,797.335,682.487,44.872,SEC EDGAR
CRM,2007,2008-01-31,748.7,171.591,577.109,18.356,122.422,0.15,204.275,43.552,160.723,279.095,0.0,0.0,0.0,0.0,0.0,0.0,0.0,0.0,SEC EDGAR
ENPH,2025,2025-12-31,1472.985,785.981,687.004,172.133,134.886,1.276,136.54,40.639,95.901,474.318,2606.86,1262.15,1344.71,1204.377,3509.792,2422.769,1087.023,237.048,SEC EDGAR
ENPH,2024,2024-12-31,1330.383,701.245,629.138,102.658,140.004,0.733,513.693,33.604,480.089,369.11,2327.084,660.091,1666.993,1302.38,3249.676,2416.66,833.016,253.969,SEC EDGAR
ENPH,2023,2023-12-31,2290.786,1232.398,1058.388,438.936,143.29,3.063,696.78,110.401,586.379,288.748,2443.518,532.449,1911.069,1293.738,3383.012,2399.388,983.624,283.098,SEC EDGAR
ENPH,2022,2022-12-31,2330.853,1356.258,974.595,397.362,144.39,2.752,744.817,46.443,698.374,473.244,2264.271,638.219,1626.052,1290.357,3084.28,2258.707,825.573,313.1,SEC EDGAR
ENPH,2021,2021-12-31,1382.049,827.627,554.422,145.449,142.878,1.018,352.028,52.258,299.77,119.316,1462.461,439.796,1022.665,1037.646,2079.256,1649.088,430.168,279.012,SEC EDGAR
ENPH,2020,2020-12-31,774.425,428.444,345.981,133.995,141.918,0.944,216.334,20.558,195.776,679.379,933.064,534.043,399.021,330.865,1200.102,716.109,483.993,53.591,SEC EDGAR
ENPH,2019,2019-12-31,624.333,403.088,221.245,161.148,131.644,1.224,139.067,14.788,124.279,251.409,499.657,199.311,300.346,105.543,713.223,441.011,272.212,55.362,SEC EDGAR
ENPH,2018,2018-12-31,316.159,221.714,94.445,-11.627,99.619,-0.117,16.132,4.151,11.981,106.237,222.302,147.161,75.141,109.783,339.937,332.161,7.776,60.089,SEC EDGAR
ENPH,2017,2017-12-31,286.166,230.123,56.043,-45.192,82.939,-0.545,-28.442,4.121,-32.563,29.144,130.446,91.741,38.705,49.751,169.147,178.273,-9.126,4.179,SEC EDGAR
ENPH,2016,2016-12-31,322.591,264.583,58.008,-67.462,0.0,0.0,-32.953,12.167,-45.12,17.764,117.864,82.772,35.092,23.8,163.576,162.276,1.3,4.609,SEC EDGAR
ENPH,2015,2015-12-31,357.249,249.032,108.217,-22.082,0.0,0.0,-21.16,12.525,-33.685,28.452,121.768,72.848,48.92,0.0,165.528,124.079,41.449,5.965,SEC EDGAR
ENPH,2014,2014-12-31,343.904,230.861,113.043,-8.052,0.0,0.0,24.222,13.249,10.973,42.032,114.896,58.706,56.19,0.0,152.192,105.24,46.952,5.556,SEC EDGAR
ENPH,2013,2013-12-31,232.846,165.43,67.416,-25.913,0.0,0.0,-0.872,6.257,-7.129,38.19,90.509,33.365,57.144,8.677,116.669,76.463,40.206,0.286,SEC EDGAR
ENPH,2012,2012-12-31,216.678,161.39,55.288,-38.218,0.0,0.0,-44.645,12.99,-57.635,45.294,94.998,33.855,61.143,11.061,122.291,65.636,56.655,0.0,SEC EDGAR
ENPH,2011,2011-12-31,149.523,120.454,29.069,-32.29,0.0,0.0,-0.367,14.662,-15.029,51.524,81.787,52.37,29.417,5.619,106.242,92.268,13.974,0.0,SEC EDGAR
ENPH,2010,2010-12-31,61.661,55.159,6.502,-21.777,0.0,0.0,-17.852,3.262,-21.114,39.993,0.0,0.0,0.0,0.0,0.0,0.0,0.0,0.0,SEC EDGAR
FLNC,2025,2025-09-30,2262.83,1967.045,295.785,-48.314,130.307,-0.371,-145.538,14.884,-160.422,690.768,2064.256,1370.369,693.887,0.0,2357.0,1808.152,548.848,91.987,SEC EDGAR
FLNC,2024,2024-09-30,2698.562,2357.482,341.08,22.716,184.035,0.123,79.685,8.115,71.57,448.685,1680.443,1258.835,421.608,30.36,1902.188,1295.049,607.139,87.484,SEC EDGAR
FLNC,2023,2023-09-30,2217.978,2077.023,140.955,-69.62,116.449,-0.598,-111.927,2.989,-114.916,345.896,1194.96,745.663,449.297,50.563,1352.149,795.819,556.33,81.772,SEC EDGAR
FLNC,2022,2022-09-30,1198.603,1260.957,-62.354,-104.485,69.714,-1.499,-282.385,7.934,-290.319,467.651,1601.533,1109.463,492.07,0.0,1745.654,1116.446,629.208,76.547,SEC EDGAR
FLNC,2021,2021-09-30,680.766,749.91,-69.144,-162.003,0.0,0.0,-265.269,4.292,-269.561,36.829,661.515,771.493,-109.978,0.0,717.675,773.874,-56.199,45.233,SEC EDGAR
FLNC,2020,2020-09-30,561.323,553.4,7.923,-46.71,0.0,0.0,-14.016,1.78,-15.796,0.0,0.0,0.0,0.0,0.0,0.0,0.0,0.0,4.731,SEC EDGAR
GEV,2025,2025-12-31,38068.0,30533.0,7535.0,4884.0,276.0,17.696,4987.0,1277.0,3710.0,0.0,40216.0,40972.0,-756.0,87.0,63016.0,50720.0,12296.0,5166.0,SEC EDGAR
GEV,2024,2024-12-31,34935.0,28850.0,6085.0,1552.0,278.0,5.583,2583.0,883.0,1700.0,0.0,34153.0,31685.0,2468.0,60.0,51485.0,40892.0,10593.0,5076.0,SEC EDGAR
GEV,2023,2023-12-31,33239.0,28421.0,4818.0,-438.0,274.0,-1.599,1186.0,744.0,442.0,0.0,27428.0,29306.0,-1878.0,145.0,46121.0,37741.0,8380.0,5479.0,SEC EDGAR
GEV,2022,2022-12-31,29654.0,26196.0,3458.0,-2736.0,274.0,-9.985,-114.0,513.0,-627.0,0.0,0.0,0.0,0.0,0.0,0.0,0.0,0.0,4164.0,SEC EDGAR
GLW,2025,2025-12-31,15629.0,10008.0,5621.0,1596.0,871.0,1.832,2695.0,0.0,2695.0,1526.0,8936.0,5628.0,3308.0,795.0,30976.0,18669.0,12307.0,3146.0,SEC EDGAR
GLW,2024,2024-12-31,13118.0,8842.0,4276.0,506.0,869.0,0.582,1939.0,0.0,1939.0,1768.0,7992.0,4919.0,3073.0,326.0,27735.0,16665.0,11070.0,3115.0,SEC EDGAR
GLW,2023,2023-12-31,12588.0,8657.0,3931.0,581.0,859.0,0.676,2005.0,0.0,2005.0,1779.0,7212.0,4319.0,2893.0,320.0,28500.0,16632.0,11868.0,3285.0,SEC EDGAR
GLW,2022,2022-12-31,14189.0,9683.0,4506.0,1316.0,857.0,1.536,2615.0,0.0,2615.0,0.0,7453.0,5175.0,2278.0,224.0,29499.0,17224.0,12275.0,3423.0,SEC EDGAR
GLW,2021,2021-12-31,14082.0,9019.0,5063.0,1906.0,844.0,2.258,3412.0,0.0,3412.0,0.0,7659.0,4806.0,2853.0,55.0,30154.0,17609.0,12545.0,3569.0,SEC EDGAR
GLW,2020,2020-12-31,11303.0,7772.0,3531.0,512.0,772.0,0.663,2180.0,0.0,2180.0,0.0,8004.0,3767.0,4237.0,156.0,30775.0,17327.0,13448.0,3768.0,SEC EDGAR
GLW,2019,2019-12-31,11503.0,7468.0,4035.0,960.0,899.0,1.068,2031.0,0.0,2031.0,0.0,7463.0,3521.0,3942.0,11.0,28898.0,15901.0,12997.0,3120.0,SEC EDGAR
GLW,2018,2018-12-31,11290.0,6829.0,4461.0,1066.0,941.0,1.133,2919.0,0.0,2919.0,2355.0,7034.0,3311.0,3723.0,4.0,27505.0,13619.0,13886.0,3228.0,SEC EDGAR
GLW,2017,2017-12-31,10116.0,6096.0,4020.0,-497.0,895.0,-0.555,2004.0,0.0,2004.0,4317.0,8827.0,3209.0,5618.0,379.0,27494.0,11724.0,15770.0,2563.0,SEC EDGAR
GLW,2016,2016-12-31,9390.0,5627.0,3763.0,3695.0,1144.0,3.23,2537.0,0.0,2537.0,5291.0,9048.0,2751.0,6297.0,256.0,27899.0,9939.0,17960.0,2373.0,SEC EDGAR
HOOD,2025,2025-12-31,4473.0,0.0,4473.0,1883.0,918.782,2.049,1638.0,0.0,1638.0,4261.0,36305.0,28771.0,7534.0,0.0,38137.0,28986.0,9151.0,553.0,SEC EDGAR
HOOD,2024,2024-12-31,2951.0,0.0,2951.0,1411.0,906.172,1.557,-157.0,0.0,-157.0,4332.0,25103.0,18104.0,6999.0,0.0,26187.0,18215.0,7972.0,217.0,SEC EDGAR
HOOD,2023,2023-12-31,1865.0,0.0,1865.0,-541.0,890.858,-0.607,1181.0,0.0,1181.0,4835.0,31790.0,25545.0,6245.0,0.0,32332.0,25636.0,6696.0,223.0,SEC EDGAR
HOOD,2022,2022-12-31,1358.0,0.0,1358.0,-1028.0,878.63,-1.17,-852.0,28.0,-880.0,6339.0,22917.0,16253.0,6664.0,0.0,23337.0,16381.0,6956.0,125.0,SEC EDGAR
HOOD,2021,2021-12-31,1815.0,0.0,1815.0,-3687.0,492.381,-7.488,-885.0,63.0,-948.0,6253.477,19283.542,12347.342,6936.2,0.0,19769.179,12476.087,7293.092,134.628,SEC EDGAR
HOOD,2020,2020-12-31,958.0,0.0,958.0,7.0,244.997,0.029,1876.0,24.0,1852.0,1402.629,10872.584,8816.045,2056.539,0.0,10988.474,8864.057,2124.417,0.185,SEC EDGAR
HOOD,2019,2019-12-31,277.533,0.0,277.533,-106.569,221.665,-0.481,1260.085,7.255,1252.83,644.05,0.0,0.0,0.0,0.0,0.0,0.0,0.0,0.0,SEC EDGAR
IBM,2025,2025-12-31,67535.0,28239.0,39296.0,10593.0,948.675,11.166,13193.0,1091.0,12102.0,13587.0,36944.0,38658.0,-1714.0,67684.0,151880.0,119139.0,32741.0,67717.0,SEC EDGAR
IBM,2024,2024-12-31,62753.0,27201.0,35552.0,6023.0,937.161,6.427,13445.0,1048.0,12397.0,13947.0,34482.0,33142.0,1340.0,60032.0,137175.0,109783.0,27392.0,60706.0,SEC EDGAR
IBM,2023,2023-12-31,61860.0,27560.0,34300.0,7502.0,922.074,8.136,13931.0,1245.0,12686.0,13068.0,32908.0,34122.0,-1214.0,62972.0,135241.0,112628.0,22613.0,60178.0,SEC EDGAR
IBM,2022,2022-12-31,60530.0,27842.0,32688.0,1639.0,912.269,1.797,10435.0,1346.0,9089.0,7886.0,29118.0,31505.0,-2387.0,55700.0,127243.0,105222.0,22021.0,55949.0,SEC EDGAR
IBM,2021,2021-12-31,57350.0,25865.0,31485.0,5743.0,904.641,6.348,12796.0,2062.0,10734.0,6650.0,29539.0,33619.0,-4080.0,58468.0,132001.0,113005.0,18996.0,55643.0,SEC EDGAR
IBM,2020,2020-12-31,55179.0,24314.0,30865.0,5590.0,896.564,6.235,18197.0,2618.0,15579.0,13212.0,39165.0,39869.0,-704.0,68591.0,155971.0,135244.0,20727.0,59617.0,SEC EDGAR
IBM,2019,2019-12-31,57714.0,26181.0,31533.0,9431.0,892.813,10.563,14770.0,2286.0,12484.0,8172.0,38420.0,37701.0,719.0,70421.0,152186.0,131202.0,20984.0,58222.0,SEC EDGAR
IBM,2018,2018-12-31,79591.0,42655.0,36936.0,8728.0,916.316,9.525,15247.0,3395.0,11852.0,11379.0,49146.0,38227.0,10919.0,52863.0,123382.0,106452.0,16930.0,36265.0,SEC EDGAR
IBM,2017,2017-12-31,79139.0,42196.0,36943.0,5753.0,937.386,6.137,16724.0,3229.0,13495.0,11972.0,49735.0,37363.0,12372.0,45051.0,125356.0,107631.0,17725.0,36788.0,SEC EDGAR
IBM,2016,2016-12-31,79919.0,41403.0,38516.0,11872.0,958.714,12.383,17084.0,3567.0,13517.0,7826.0,43888.0,36275.0,7613.0,40894.0,117470.0,99078.0,18392.0,36199.0,SEC EDGAR
IBM,2015,2015-12-31,81741.0,41057.0,40684.0,13190.0,982.7,13.422,17255.0,3579.0,13676.0,7686.0,42504.0,34269.0,8235.0,38699.0,110495.0,96071.0,14424.0,35508.0,SEC EDGAR
IBM,2014,2014-12-31,92793.0,46386.0,46407.0,12022.0,1010.0,11.903,16868.0,3740.0,13128.0,8476.0,49422.0,39600.0,9822.0,39674.0,117532.0,105518.0,12014.0,33660.0,SEC EDGAR
IBM,2013,2013-12-31,98367.0,49683.0,48684.0,16483.0,1103.042,14.943,0.0,3623.0,-3623.0,10716.0,51350.0,40154.0,11196.0,36710.0,126223.0,103294.0,22929.0,35055.0,SEC EDGAR
IBM,2012,2012-12-31,102874.0,52513.0,50361.0,16604.0,1155.449,14.37,0.0,4082.0,-4082.0,10412.0,49433.0,43625.0,5808.0,29681.0,119213.0,100229.0,18984.0,33034.0,SEC EDGAR
IBM,2011,2011-12-31,106916.0,56778.0,50138.0,15855.0,1213.768,13.063,0.0,4108.0,-4108.0,11922.0,50928.0,42123.0,8805.0,27163.0,116433.0,96197.0,20236.0,29605.0,SEC EDGAR
IBM,2010,2010-12-31,99870.0,53857.0,46013.0,14833.0,1287.355,11.522,19549.0,4185.0,15364.0,10661.0,48116.0,40562.0,7554.0,25863.0,113452.0,90279.0,23173.0,28624.0,SEC EDGAR
IBM,2009,2009-12-31,95758.0,51973.0,43785.0,13425.0,1341.353,10.009,20773.0,3447.0,17326.0,12183.0,48935.0,36002.0,12933.0,2222.0,109022.0,86267.0,22755.0,22703.0,SEC EDGAR
IBM,2008,2008-12-31,103630.0,57969.0,45661.0,12334.0,1387.797,8.887,18812.0,4171.0,14641.0,12741.0,49004.0,42435.0,6569.0,0.0,109524.0,95939.0,13585.0,21104.0,SEC EDGAR
IBM,2007,2007-12-31,98786.0,57057.0,41729.0,10418.0,1456.881,7.151,0.0,4630.0,-4630.0,14991.0,0.0,0.0,0.0,0.0,0.0,0.0,0.0,0.0,SEC EDGAR
INTC,2025,2025-12-27,52853.0,34478.0,18375.0,-267.0,4530.0,-0.059,9697.0,14646.0,-4949.0,14265.0,63688.0,31575.0,32113.0,46585.0,211429.0,0.0,211429.0,26684.0,SEC EDGAR
INTC,2024,2024-12-28,53101.0,35756.0,17345.0,-18756.0,4280.0,-4.382,8288.0,23944.0,-15656.0,8249.0,47324.0,35666.0,11658.0,50011.0,196485.0,0.0,196485.0,28384.0,SEC EDGAR
INTC,2023,2023-12-30,54228.0,32517.0,21711.0,1689.0,4212.0,0.401,11471.0,25750.0,-14279.0,0.0,43269.0,28053.0,15216.0,49266.0,191572.0,0.0,191572.0,32180.0,SEC EDGAR
INTC,2022,2022-12-31,63054.0,36188.0,26866.0,8014.0,4123.0,1.944,15433.0,24844.0,-9411.0,0.0,50407.0,32155.0,18252.0,38107.0,182103.0,0.0,182103.0,33609.0,SEC EDGAR
INTC,2021,2021-12-25,79024.0,35209.0,43815.0,19868.0,4090.0,4.858,29456.0,18733.0,10723.0,0.0,57718.0,27462.0,30256.0,38101.0,168406.0,0.0,168406.0,34233.0,SEC EDGAR
INTC,2020,2020-12-26,77867.0,34255.0,43612.0,20899.0,4232.0,4.938,35864.0,14259.0,21605.0,5865.0,47249.0,24754.0,22495.0,36401.0,153091.0,0.0,153091.0,35997.0,SEC EDGAR
INTC,2019,2019-12-28,71965.0,29825.0,42140.0,21048.0,4473.0,4.706,33145.0,16213.0,16932.0,4194.0,31239.0,22310.0,8929.0,29003.0,136524.0,0.0,136524.0,37103.0,SEC EDGAR
INTC,2018,2018-12-29,70848.0,27111.0,43737.0,21053.0,4701.0,4.478,29432.0,15181.0,14251.0,3019.0,28787.0,16626.0,12161.0,25859.0,127963.0,0.0,127963.0,36349.0,SEC EDGAR
INTC,2017,2017-12-30,62761.0,23663.0,39098.0,9601.0,4835.0,1.986,22110.0,11778.0,10332.0,3433.0,29500.0,17421.0,12079.0,26776.0,123249.0,0.0,123249.0,37134.0,SEC EDGAR
INTC,2016,2016-12-31,59387.0,23154.0,36233.0,10316.0,4875.0,2.116,0.0,9625.0,-9625.0,5560.0,35508.0,20302.0,15206.0,29901.0,113327.0,0.0,113327.0,23593.0,SEC EDGAR
INTC,2015,2015-12-26,55355.0,20676.0,34679.0,11420.0,4894.0,2.333,0.0,7326.0,-7326.0,15308.0,40356.0,15667.0,24689.0,22638.0,103065.0,0.0,103065.0,15265.0,SEC EDGAR
INTC,2014,2014-12-27,55870.0,20261.0,35609.0,11704.0,5056.0,2.315,0.0,10105.0,-10105.0,2561.0,27730.0,16019.0,11711.0,13195.0,91956.0,0.0,91956.0,15307.0,SEC EDGAR
INTC,2013,2013-12-28,52708.0,21187.0,31521.0,9620.0,5097.0,1.887,0.0,10711.0,-10711.0,5674.0,32084.0,13568.0,18516.0,13165.0,92358.0,0.0,92358.0,15663.0,SEC EDGAR
INTC,2012,2012-12-29,53341.0,20190.0,33151.0,11005.0,5160.0,2.133,18884.0,11027.0,7857.0,8478.0,31358.0,12898.0,18460.0,13136.0,84351.0,0.0,84351.0,15945.0,SEC EDGAR
INTC,2011,2011-12-31,53999.0,20242.0,33757.0,12942.0,5411.0,2.392,20963.0,10764.0,10199.0,5065.0,25872.0,12028.0,13844.0,7084.0,71119.0,0.0,71119.0,15521.0,SEC EDGAR
INTC,2010,2010-12-25,43623.0,15132.0,28491.0,11464.0,5696.0,2.013,16692.0,5207.0,11485.0,5498.0,31611.0,9327.0,22284.0,2077.0,63186.0,0.0,63186.0,5391.0,SEC EDGAR
INTC,2009,2009-12-26,35127.0,15566.0,19561.0,4369.0,5645.0,0.774,11170.0,4515.0,6655.0,3987.0,21157.0,7591.0,13566.0,2206.0,53095.0,0.0,53095.0,4421.0,SEC EDGAR
INTC,2008,2008-12-27,37586.0,16742.0,20844.0,5292.0,5748.0,0.921,10926.0,5197.0,5729.0,3350.0,19871.0,7818.0,12053.0,1185.0,50472.0,0.0,50472.0,3932.0,SEC EDGAR
INTC,2007,2007-12-29,38334.0,18430.0,19904.0,6976.0,5936.0,1.175,12625.0,5000.0,7625.0,7307.0,0.0,0.0,0.0,0.0,0.0,0.0,0.0,0.0,SEC EDGAR
KLIC,2025,2025-10-04,654.081,376.16,277.921,0.213,53.193,0.004,113.565,17.203,96.362,510.708,901.535,188.171,713.364,0.0,1104.342,282.851,821.491,75.122,SEC EDGAR
KLIC,2024,2024-09-28,706.232,437.478,268.754,-69.006,55.613,-1.241,31.037,16.148,14.889,577.147,994.953,183.794,811.159,0.0,1240.162,296.153,944.009,114.987,SEC EDGAR
KLIC,2023,2023-09-30,742.491,383.836,358.655,57.148,57.548,0.993,173.404,44.406,128.998,759.402,1189.058,181.551,1007.507,0.0,1499.777,325.216,1174.561,118.03,SEC EDGAR
KLIC,2022,2022-10-01,1503.62,755.3,748.32,433.545,61.182,7.086,390.188,22.985,367.203,775.537,1332.046,248.681,1083.365,0.0,1588.599,393.949,1194.65,100.035,SEC EDGAR
KLIC,2021,2021-10-02,1517.664,820.678,696.986,367.161,63.515,5.781,300.032,22.775,277.257,739.788,1351.89,351.875,1000.015,0.0,1601.631,506.394,1095.237,115.701,SEC EDGAR
KLIC,2020,2020-10-03,623.176,325.201,297.975,52.3,63.359,0.825,94.412,11.719,82.693,530.127,860.196,157.893,702.303,0.0,1054.566,296.572,757.994,94.667,SEC EDGAR
KLIC,2019,2019-09-28,540.052,285.462,254.59,11.653,65.948,0.177,65.967,11.742,54.225,593.184,893.751,174.642,719.109,0.0,1079.616,310.553,769.063,98.342,SEC EDGAR
KLIC,2018,2018-09-29,889.121,479.68,409.441,56.676,70.419,0.805,123.499,20.496,103.003,613.63,987.273,174.076,813.197,0.0,1185.74,305.533,880.207,109.421,SEC EDGAR
KLIC,2017,2017-09-30,809.041,426.947,382.094,126.099,72.063,1.75,136.31,25.59,110.72,608.41,953.382,200.448,752.934,0.0,1171.107,258.171,912.936,118.634,SEC EDGAR
KLIC,2016,2016-10-01,627.192,346.156,281.036,48.455,70.841,0.684,68.407,6.218,62.189,671.907,780.942,118.597,662.345,0.0,982.444,175.926,806.518,132.082,SEC EDGAR
KLIC,2015,2015-10-03,536.471,284.524,251.947,51.912,75.659,0.686,87.875,10.269,77.606,498.614,707.369,73.934,633.435,0.0,904.466,132.575,771.891,138.743,SEC EDGAR
KLIC,2014,2014-09-27,568.569,295.015,273.554,62.988,77.292,0.815,82.46,10.138,72.322,597.086,837.691,81.351,756.34,0.0,944.448,155.206,789.242,47.437,SEC EDGAR
KLIC,2013,2013-09-28,534.938,287.993,246.945,59.358,76.19,0.779,94.824,17.172,77.652,525.04,754.388,77.402,676.986,0.0,862.994,146.329,716.665,52.755,SEC EDGAR
KLIC,2012,2012-09-29,791.023,423.633,367.39,160.58,75.502,2.127,182.471,6.902,175.569,440.244,713.316,123.369,589.947,0.0,815.609,171.942,643.667,61.933,SEC EDGAR
KLIC,2011,2011-10-01,830.401,442.492,387.909,127.61,73.341,1.74,200.396,7.688,192.708,384.552,619.841,214.182,405.659,0.0,728.391,258.514,469.877,71.111,SEC EDGAR
KLIC,2010,2010-10-02,762.784,427.111,335.673,142.142,73.548,1.933,85.799,6.271,79.528,181.097,472.69,125.13,347.56,98.475,580.169,257.689,322.48,65.809,SEC EDGAR
KLIC,2009,2009-10-03,225.24,136.397,88.843,-41.601,62.188,-0.669,-53.522,5.263,-58.785,144.56,0.0,0.0,0.0,0.0,0.0,0.0,0.0,0.0,SEC EDGAR
META,2025,2025-12-31,200966.0,36175.0,164791.0,60458.0,2574.0,23.488,115800.0,69691.0,46109.0,35873.0,108722.0,41836.0,66886.0,58744.0,366021.0,148778.0,217243.0,28226.0,SEC EDGAR
META,2024,2024-12-31,164501.0,30161.0,134340.0,62360.0,2614.0,23.856,91328.0,37256.0,54072.0,43889.0,100045.0,33596.0,66449.0,28826.0,276054.0,93417.0,182637.0,21569.0,SEC EDGAR
META,2023,2023-12-31,134902.0,25959.0,108943.0,39098.0,2629.0,14.872,71113.0,27045.0,44068.0,41862.0,85365.0,31960.0,53405.0,18385.0,229623.0,76455.0,153168.0,21442.0,SEC EDGAR
META,2022,2022-12-31,116609.0,25249.0,91360.0,23200.0,2702.0,8.586,50475.0,31186.0,19289.0,14681.0,59549.0,27026.0,32523.0,9923.0,185727.0,60014.0,125713.0,21203.0,SEC EDGAR
META,2021,2021-12-31,117929.0,22649.0,95280.0,39370.0,2859.0,13.771,57683.0,18690.0,38993.0,16601.0,66666.0,21135.0,45531.0,0.0,165987.0,41108.0,124879.0,19831.0,SEC EDGAR
META,2020,2020-12-31,85965.0,16692.0,69273.0,29146.0,2888.0,10.092,38747.0,15163.0,23584.0,17576.0,75670.0,14981.0,60689.0,0.0,159316.0,31026.0,128290.0,19673.0,SEC EDGAR
META,2019,2019-12-31,70697.0,12770.0,57927.0,18485.0,2876.0,6.427,36314.0,15102.0,21212.0,19079.0,66225.0,15053.0,51172.0,0.0,133376.0,32322.0,101054.0,19609.0,SEC EDGAR
META,2018,2018-12-31,55838.0,9355.0,46483.0,22112.0,2921.0,7.57,29274.0,13915.0,15359.0,10019.0,50480.0,7017.0,43463.0,0.0,97334.0,13207.0,84127.0,19595.0,SEC EDGAR
META,2017,2017-12-31,40653.0,5454.0,35199.0,15934.0,2956.0,5.39,24216.0,6733.0,17483.0,8079.0,48563.0,3760.0,44803.0,0.0,84524.0,10177.0,74347.0,20105.0,SEC EDGAR
META,2016,2016-12-31,27638.0,3789.0,23849.0,10217.0,2925.0,3.493,16108.0,4491.0,11617.0,8903.0,34401.0,2875.0,31526.0,0.0,64961.0,5767.0,59194.0,20657.0,SEC EDGAR
META,2015,2015-12-31,17928.0,2867.0,15061.0,3688.0,2853.0,1.293,10320.0,2523.0,7797.0,4907.0,21652.0,1925.0,19727.0,0.0,49407.0,5189.0,44218.0,21272.0,SEC EDGAR
META,2014,2014-12-31,12466.0,2153.0,10313.0,2940.0,2664.0,1.104,7326.0,1831.0,5495.0,4315.0,13670.0,1424.0,12246.0,0.0,40184.0,4088.0,36096.0,21910.0,SEC EDGAR
META,2013,2013-12-31,7872.0,1875.0,5997.0,1500.0,2517.0,0.596,4222.0,1362.0,2860.0,3323.0,13070.0,1100.0,11970.0,0.0,17895.0,2425.0,15470.0,1722.0,SEC EDGAR
META,2012,2012-12-31,5089.0,1364.0,3725.0,53.0,2166.0,0.024,1612.0,1235.0,377.0,2384.0,11267.0,1052.0,10215.0,1500.0,15103.0,3348.0,11755.0,587.0,SEC EDGAR
META,2011,2011-12-31,3711.0,860.0,2851.0,1000.0,1508.0,0.663,1549.0,606.0,943.0,1512.0,4604.0,899.0,3705.0,0.0,6331.0,1432.0,4899.0,82.0,SEC EDGAR
META,2010,2010-12-31,1974.0,493.0,1481.0,606.0,1414.0,0.429,698.0,293.0,405.0,1785.0,0.0,0.0,0.0,0.0,0.0,0.0,0.0,37.0,SEC EDGAR
MKSI,2025,2025-12-31,3931.0,0.0,3931.0,295.0,67.7,4.357,645.0,148.0,497.0,418.0,2510.0,927.0,1583.0,51.0,8796.0,6077.0,2719.0,2574.0,SEC EDGAR
MKSI,2024,2024-12-31,3586.0,0.0,3586.0,190.0,67.6,2.811,528.0,118.0,410.0,420.0,2474.0,775.0,1699.0,50.0,8590.0,6268.0,2322.0,2479.0,SEC EDGAR
MKSI,2023,2023-12-31,3622.0,0.0,3622.0,-1841.0,66.8,-27.56,319.0,87.0,232.0,507.0,2696.0,848.0,1848.0,5046.0,9118.0,6646.0,2472.0,2554.0,SEC EDGAR
MKSI,2022,2022-12-31,3547.0,2000.0,1547.0,333.0,59.9,5.559,529.0,164.0,365.0,1.0,2794.0,952.0,1842.0,5215.0,11495.0,7012.0,4483.0,4308.0,SEC EDGAR
MKSI,2021,2021-12-31,2950.0,1570.0,1380.0,551.0,55.7,9.892,640.0,87.0,553.0,76.4,2147.3,460.8,1686.5,834.0,4540.3,1653.7,2886.6,1228.2,SEC EDGAR
MKSI,2020,2020-12-31,2330.0,1281.0,1049.0,350.0,55.3,6.329,513.0,85.0,428.0,227.7,1804.4,373.9,1430.5,14.5,3903.8,1542.9,2360.9,1066.4,SEC EDGAR
MKSI,2019,2019-12-31,1899.8,1069.4,830.4,140.4,55.1,2.548,244.5,63.9,180.6,109.417,1433.547,317.681,1115.866,12.099,3416.32,1392.976,2023.344,1058.454,SEC EDGAR
MKSI,2018,2018-12-31,2075.1,1095.6,979.5,392.9,55.0,7.144,413.8,62.9,350.9,718.171,1464.104,263.285,1200.819,3.986,2614.246,741.059,1873.187,586.996,SEC EDGAR
MKSI,2017,2017-12-31,1915.977,1024.526,891.451,339.132,55.074,6.158,355.222,31.287,323.935,543.202,1236.253,289.822,946.431,2.972,2414.018,825.111,1588.907,591.047,SEC EDGAR
MKSI,2016,2016-12-31,1295.342,729.723,565.619,104.809,54.051,1.939,180.098,19.123,160.975,418.086,998.769,237.3,761.469,10.993,2212.242,970.45,1241.792,588.585,SEC EDGAR
MKSI,2015,2015-12-31,813.524,450.652,362.872,122.297,53.56,2.283,0.0,12.414,-12.414,658.237,939.511,90.984,848.527,0.0,1273.347,112.466,1160.881,199.703,SEC EDGAR
MKSI,2014,2014-12-31,780.869,443.103,337.766,115.778,53.515,2.163,0.0,13.183,-13.183,435.031,738.091,103.627,634.464,0.0,1224.044,0.0,1224.044,192.381,SEC EDGAR
MKSI,2013,2013-12-31,669.42,402.846,266.574,35.776,53.481,0.669,76.087,12.41,63.677,589.617,879.231,128.422,750.809,0.0,1213.018,0.0,1213.018,150.909,SEC EDGAR
MKSI,2012,2012-12-31,643.508,374.029,269.479,48.029,53.234,0.902,137.167,17.705,119.462,615.241,868.182,79.311,788.871,0.0,1134.842,0.0,1134.842,150.733,SEC EDGAR
MKSI,2011,2011-12-31,822.517,447.529,374.988,129.731,52.847,2.455,156.036,15.567,140.469,565.519,884.901,96.431,788.47,1.932,1118.654,0.0,1118.654,140.084,SEC EDGAR
MKSI,2010,2010-12-31,853.114,474.476,378.638,142.587,50.927,2.8,163.47,15.819,147.651,431.933,752.895,109.686,643.209,0.0,982.413,0.0,982.413,140.02,SEC EDGAR
MKSI,2009,2009-12-31,392.693,262.477,130.216,-212.659,49.318,-4.312,4.903,4.179,0.724,271.795,532.881,71.3,461.581,12.885,774.069,0.0,774.069,144.511,SEC EDGAR
MKSI,2008,2008-12-31,621.38,373.142,248.238,30.117,50.754,0.593,92.747,13.457,79.29,119.261,0.0,0.0,0.0,0.0,0.0,0.0,0.0,0.0,SEC EDGAR
MRVL,2025,2026-01-31,8194.6,4013.9,4180.7,2670.1,869.7,3.07,1750.5,354.1,1396.4,2638.8,6460.6,3220.5,3240.1,4970.4,22285.3,7976.9,14308.4,12816.9,SEC EDGAR
MRVL,2024,2025-02-01,5767.3,3385.1,2382.2,-885.0,865.5,-1.023,1681.2,284.6,1396.6,948.3,3120.3,2026.8,1093.5,4063.8,20204.5,6777.5,13427.0,14297.5,SEC EDGAR
MRVL,2023,2024-02-03,5507.7,3214.1,2293.6,-933.4,861.3,-1.084,1370.5,336.3,1034.2,950.8,3062.7,1814.2,1248.5,4165.9,21228.5,6397.1,14831.4,15591.0,SEC EDGAR
MRVL,2022,2023-01-28,5919.6,2932.1,2987.5,-163.5,851.4,-0.192,1288.8,206.2,1082.6,911.0,3281.1,2386.7,894.4,5076.5,22522.1,6884.9,15637.2,16688.9,SEC EDGAR
MRVL,2021,2022-01-29,4462.4,2398.2,2064.2,-421.0,796.9,-0.528,819.3,169.2,650.1,613.533,2493.45,1388.542,1104.908,4611.143,22108.597,6406.5,15702.097,17664.551,SEC EDGAR
MRVL,2020,2021-01-30,2968.9,1480.6,1488.3,-277.3,668.8,-0.415,817.3,106.8,710.5,748.467,1617.145,1077.097,540.048,1392.452,10764.924,2329.12,8435.804,7607.661,SEC EDGAR
MRVL,2019,2020-02-01,2699.161,1342.22,1356.941,1584.391,676.094,2.343,360.297,81.921,278.376,0.0,0.0,0.0,0.0,0.0,0.0,0.0,0.0,0.0,SEC EDGAR
MSFT,2025,2025-06-30,281724.0,87831.0,193893.0,101832.0,7465.0,13.641,136162.0,64551.0,71611.0,94565.0,191131.0,141218.0,49913.0,43151.0,619003.0,275524.0,343479.0,119509.0,SEC EDGAR
MSFT,2024,2024-06-30,245122.0,74114.0,171008.0,88136.0,7469.0,11.8,118548.0,44477.0,74071.0,75543.0,159734.0,125286.0,34448.0,44937.0,512163.0,243686.0,268477.0,119220.0,SEC EDGAR
MSFT,2023,2023-06-30,211915.0,65863.0,146052.0,72361.0,7472.0,9.684,87582.0,28107.0,59475.0,111262.0,184257.0,104149.0,80108.0,47237.0,411976.0,205753.0,206223.0,67886.0,SEC EDGAR
MSFT,2022,2022-06-30,198270.0,62650.0,135620.0,72738.0,7540.0,9.647,89035.0,23886.0,65149.0,104757.0,169684.0,95082.0,74602.0,49781.0,364840.0,198298.0,166542.0,67524.0,SEC EDGAR
MSFT,2021,2021-06-30,168088.0,52232.0,115856.0,61271.0,7608.0,8.053,76740.0,20622.0,56118.0,130334.0,184406.0,88657.0,95749.0,58146.0,333779.0,191791.0,141988.0,49711.0,SEC EDGAR
MSFT,2020,2020-06-30,143015.0,46078.0,96937.0,44281.0,7683.0,5.764,60675.0,15441.0,45234.0,136527.0,181915.0,72310.0,109605.0,63327.0,301311.0,183007.0,118304.0,43351.0,SEC EDGAR
MSFT,2019,2019-06-30,125843.0,42910.0,82933.0,39240.0,7753.0,5.061,52185.0,13925.0,38260.0,133819.0,175552.0,69420.0,106132.0,72178.0,286556.0,184226.0,102330.0,42026.0,SEC EDGAR
MSFT,2018,2018-06-30,110360.0,38353.0,72007.0,16571.0,7794.0,2.126,43884.0,11632.0,32252.0,133768.0,169662.0,58488.0,111174.0,76240.0,258848.0,176130.0,82718.0,35683.0,SEC EDGAR
MSFT,2017,2017-06-30,89950.0,34261.0,55689.0,25489.0,7832.0,3.254,39507.0,8129.0,31378.0,7663.0,159851.0,64527.0,95324.0,86194.0,241086.0,168692.0,72394.0,35122.0,SEC EDGAR
MSFT,2016,2016-06-30,85320.0,32780.0,52540.0,20539.0,8013.0,2.563,33325.0,8343.0,24982.0,6510.0,139660.0,59357.0,80303.0,53687.0,193694.0,121697.0,71997.0,17872.0,SEC EDGAR
MSFT,2015,2015-06-30,93580.0,33038.0,60542.0,12193.0,8254.0,1.477,0.0,5944.0,-5944.0,5595.0,124712.0,49858.0,74854.0,35292.0,176223.0,96140.0,80083.0,16939.0,SEC EDGAR
MSFT,2014,2014-06-30,86833.0,27078.0,59755.0,22074.0,8399.0,2.628,0.0,5485.0,-5485.0,8669.0,114246.0,45625.0,68621.0,22645.0,172384.0,82600.0,89784.0,20127.0,SEC EDGAR
MSFT,2013,2013-06-30,77849.0,20385.0,57464.0,21863.0,8470.0,2.581,28833.0,4257.0,24576.0,3804.0,101466.0,37417.0,64049.0,15600.0,142431.0,63487.0,78944.0,14655.0,SEC EDGAR
MSFT,2012,2012-06-30,73723.0,17530.0,56193.0,16978.0,8506.0,1.996,31626.0,2305.0,29321.0,6938.0,85084.0,32688.0,52396.0,11944.0,121271.0,54908.0,66363.0,13452.0,SEC EDGAR
MSFT,2011,2011-06-30,69943.0,15577.0,54366.0,23150.0,8593.0,2.694,26994.0,2355.0,24639.0,9610.0,74918.0,28774.0,46144.0,11921.0,108704.0,51621.0,57083.0,12581.0,SEC EDGAR
MSFT,2010,2010-06-30,62484.0,12395.0,50089.0,18760.0,8927.0,2.101,24073.0,1977.0,22096.0,5505.0,55676.0,26147.0,29529.0,5939.0,86113.0,39938.0,46175.0,12394.0,SEC EDGAR
MSFT,2009,2009-06-30,58437.0,12155.0,46282.0,14569.0,8996.0,1.619,19037.0,3119.0,15918.0,6076.0,49280.0,27034.0,22246.0,5746.0,77888.0,0.0,77888.0,14262.0,SEC EDGAR
MSFT,2008,2008-06-30,60420.0,11598.0,48822.0,17681.0,9470.0,1.867,21612.0,3182.0,18430.0,10339.0,0.0,0.0,0.0,0.0,0.0,0.0,0.0,12108.0,SEC EDGAR
MU,2025,2025-08-28,37378.0,22505.0,14873.0,8539.0,1125.0,7.59,17525.0,15857.0,1668.0,9642.0,28841.0,11454.0,17387.0,0.0,82798.0,28633.0,54165.0,1603.0,SEC EDGAR
MU,2024,2024-08-29,25111.0,19498.0,5613.0,778.0,1118.0,0.696,8507.0,8386.0,121.0,7041.0,24372.0,9248.0,15124.0,0.0,69416.0,24285.0,45131.0,1566.0,SEC EDGAR
MU,2023,2023-08-31,15540.0,16956.0,-1416.0,-5833.0,1093.0,-5.337,1559.0,7676.0,-6117.0,8577.0,21244.0,4765.0,16479.0,0.0,64254.0,20134.0,44120.0,1554.0,SEC EDGAR
MU,2022,2022-09-01,30758.0,16860.0,13898.0,8687.0,1122.0,7.742,15181.0,12067.0,3114.0,8262.0,21781.0,7539.0,14242.0,0.0,66283.0,16376.0,49907.0,1649.0,SEC EDGAR
MU,2021,2021-09-02,27705.0,17282.0,10423.0,5861.0,1141.0,5.137,12468.0,10030.0,2438.0,7763.0,19907.0,6424.0,13483.0,0.0,58849.0,14916.0,43933.0,1577.0,SEC EDGAR
MU,2020,2020-09-03,21435.0,14883.0,6552.0,2687.0,1131.0,2.376,8306.0,8223.0,83.0,7624.0,17965.0,6635.0,11330.0,0.0,53678.0,14682.0,38996.0,1562.0,SEC EDGAR
MU,2019,2019-08-29,23406.0,12704.0,10702.0,6313.0,1143.0,5.523,13189.0,9780.0,3409.0,7152.0,16503.0,6390.0,10113.0,0.0,48887.0,12019.0,36868.0,1568.0,SEC EDGAR
MU,2018,2018-08-30,30391.0,12500.0,17891.0,14135.0,1229.0,11.501,17400.0,8879.0,8521.0,6506.0,16039.0,5754.0,10285.0,0.0,43376.0,10112.0,33264.0,1559.0,SEC EDGAR
MU,2017,2017-08-31,20322.0,11886.0,8436.0,5089.0,1154.0,4.41,8153.0,4734.0,3419.0,5109.0,12457.0,5334.0,7123.0,0.0,35336.0,15845.0,19491.0,1615.0,SEC EDGAR
MU,2016,2016-09-01,12399.0,9894.0,2505.0,-276.0,1036.0,-0.266,3168.0,5817.0,-2649.0,4140.0,9495.0,4835.0,4660.0,0.0,27540.0,14612.0,12928.0,568.0,SEC EDGAR
MU,2015,2015-09-03,16192.0,10977.0,5215.0,2899.0,1170.0,2.478,5208.0,4021.0,1187.0,2287.0,8596.0,3905.0,4691.0,0.0,24143.0,10855.0,13288.0,449.0,SEC EDGAR
MU,2014,2014-08-28,16358.0,10921.0,5437.0,3045.0,1198.0,2.542,0.0,3107.0,-3107.0,4150.0,10245.0,4811.0,5434.0,0.0,22498.0,10868.0,11630.0,0.0,SEC EDGAR
MU,2013,2013-08-29,9073.0,7226.0,1847.0,1190.0,1057.0,1.126,0.0,1442.0,-1442.0,2880.0,8911.0,4125.0,4786.0,0.0,19118.0,9112.0,10006.0,0.0,SEC EDGAR
MU,2012,2012-08-30,8234.0,7266.0,968.0,-1032.0,991.0,-1.041,2114.0,1699.0,415.0,2459.0,5758.0,2243.0,3515.0,3262.0,14328.0,5911.0,8417.0,0.0,SEC EDGAR
MU,2011,2011-09-01,8788.0,7030.0,1758.0,167.0,1007.5,0.166,2484.0,2550.0,-66.0,2160.0,5832.0,2480.0,3352.0,2001.0,14752.0,4900.0,9852.0,0.0,SEC EDGAR
MU,2010,2010-09-02,8482.0,5768.0,2714.0,1850.0,1050.7,1.761,3096.0,616.0,2480.0,2913.0,6333.0,2702.0,3631.0,2360.0,14693.0,4877.0,9816.0,0.0,SEC EDGAR
MU,2009,2009-09-03,4803.0,5243.0,-440.0,-1882.0,800.7,-2.35,1206.0,488.0,718.0,1485.0,3344.0,1892.0,1452.0,2803.0,11459.0,4520.0,6939.0,344.0,SEC EDGAR
NOW,2025,2025-12-31,13278.0,2983.0,10295.0,1748.0,1046.691,1.67,5444.0,868.0,4576.0,3726.0,10471.0,10443.0,28.0,0.0,26038.0,13074.0,12964.0,4699.0,SEC EDGAR
NOW,2024,2024-12-31,10984.0,2287.0,8697.0,1425.0,1042.113,1.367,4267.0,852.0,3415.0,2304.0,9187.0,8358.0,829.0,0.0,20383.0,10774.0,9609.0,1482.0,SEC EDGAR
NOW,2023,2023-12-31,8971.0,1921.0,7050.0,1731.0,1027.953,1.684,3398.0,694.0,2704.0,1897.0,7777.0,7365.0,412.0,0.0,17387.0,9759.0,7628.0,1455.0,SEC EDGAR
NOW,2022,2022-12-31,7245.0,1573.0,5672.0,325.0,203.535,1.597,2723.0,550.0,2173.0,1470.0,6654.0,6005.0,649.0,0.0,13299.0,8267.0,5032.0,1056.0,SEC EDGAR
NOW,2021,2021-12-31,5896.0,1353.0,4543.0,230.0,203.167,1.132,2191.0,392.0,1799.0,1728.0,5220.0,4949.0,271.0,92.0,10798.0,7103.0,3695.0,1064.0,SEC EDGAR
NOW,2020,2020-12-31,4519.0,987.0,3532.0,119.0,202.478,0.588,1786.0,419.0,1367.0,1676.794,4521.842,3737.144,784.698,1640.0,8715.057,5880.576,2834.481,394.131,SEC EDGAR
NOW,2019,2019-12-31,3460.0,796.0,2664.0,626.698,197.223,3.178,1236.0,265.0,971.0,775.778,2826.901,2752.785,74.116,694.981,6022.43,3894.489,2127.941,300.606,SEC EDGAR
NOW,2018,2018-12-31,2608.816,622.658,1986.158,-26.704,177.846,-0.15,811.089,224.462,586.627,566.204,2344.693,2012.573,332.12,0.0,3879.14,2767.941,1111.199,249.427,SEC EDGAR
NOW,2017,2017-12-31,1933.026,499.862,1433.164,-116.846,171.176,-0.683,642.94,150.51,492.43,726.495,2410.564,2100.631,309.933,0.0,3397.904,2813.772,584.132,215.644,SEC EDGAR
NOW,2016,2016-12-31,1390.513,398.995,991.518,-414.249,0.0,0.0,159.081,105.562,53.519,401.238,1342.535,1071.498,271.037,0.0,2033.767,1646.806,386.961,148.388,SEC EDGAR
NOW,2015,2015-12-31,1005.48,329.413,676.067,-198.426,0.0,0.0,317.754,87.481,230.273,412.305,1085.635,731.636,353.999,0.0,1807.052,1240.238,566.814,98.674,SEC EDGAR
NOW,2014,2014-12-31,682.563,248.776,433.787,-179.387,0.0,0.0,140.937,54.379,86.558,252.455,906.986,506.997,399.989,0.0,1425.079,996.404,428.675,109.542,SEC EDGAR
NOW,2013,2013-12-31,424.65,155.259,269.391,-73.708,135.416,-0.544,81.746,55.321,26.425,366.303,797.749,328.088,469.661,0.0,1168.476,774.217,394.259,14.52,SEC EDGAR
NOW,2012,2012-12-31,243.712,104.009,139.703,-37.348,73.909,-0.505,48.766,42.066,6.7,118.989,422.089,211.627,210.462,0.0,478.114,234.709,243.405,0.596,SEC EDGAR
NOW,2011,2011-06-30,92.641,31.575,61.066,9.83,28.095,0.35,37.468,8.733,28.735,59.853,0.0,0.0,0.0,0.0,0.0,0.0,0.0,0.0,SEC EDGAR
NOW,2010,2010-06-30,43.329,16.19,27.139,-29.705,23.158,-1.283,-7.532,1.584,-9.116,29.402,0.0,0.0,0.0,0.0,0.0,0.0,0.0,0.0,SEC EDGAR
NVDA,2025,2026-01-25,215938.0,62475.0,153463.0,120067.0,24514.0,4.898,102718.0,6042.0,96676.0,10605.0,125605.0,32163.0,93442.0,8468.0,206803.0,49510.0,157293.0,24138.0,SEC EDGAR
NVDA,2024,2025-01-26,130497.0,32639.0,97858.0,72880.0,24804.0,2.938,64089.0,3236.0,60853.0,8589.0,80126.0,18047.0,62079.0,8463.0,111601.0,32274.0,79327.0,5995.0,SEC EDGAR
NVDA,2023,2024-01-28,60922.0,16621.0,44301.0,29760.0,24940.0,1.193,28090.0,1069.0,27021.0,7280.0,44345.0,10631.0,33714.0,9709.0,65728.0,22750.0,42978.0,5542.0,SEC EDGAR
NVDA,2022,2023-01-29,26974.0,11618.0,15356.0,4368.0,25070.0,0.174,5641.0,1833.0,3808.0,3389.0,23073.0,6563.0,16510.0,10953.0,41182.0,19081.0,22101.0,6048.0,SEC EDGAR
NVDA,2021,2022-01-30,26914.0,9439.0,17475.0,9752.0,2535.0,3.847,9108.0,976.0,8132.0,1990.0,28829.0,4335.0,24494.0,10946.0,44187.0,17575.0,26612.0,6688.0,SEC EDGAR
NVDA,2020,2021-01-31,16675.0,6279.0,10396.0,4332.0,2510.0,1.726,5822.0,0.0,5822.0,847.0,16055.0,3925.0,12130.0,6963.0,28791.0,11898.0,16893.0,6930.0,SEC EDGAR
NVDA,2019,2020-01-26,10918.0,4150.0,6768.0,2796.0,2472.0,1.131,4761.0,0.0,4761.0,10896.0,13690.0,1784.0,11906.0,1991.0,17315.0,5111.0,12204.0,667.0,SEC EDGAR
NVDA,2018,2019-01-27,11716.0,4545.0,7171.0,4141.0,625.0,6.626,3743.0,0.0,3743.0,782.0,10557.0,1329.0,9228.0,0.0,13292.0,3950.0,9342.0,663.0,SEC EDGAR
NVDA,2017,2018-01-28,9714.0,3892.0,5822.0,3047.0,632.0,4.821,3502.0,0.0,3502.0,4002.0,9255.0,1153.0,8102.0,0.0,11241.0,3770.0,7471.0,670.0,SEC EDGAR
NVDA,2016,2017-01-29,6910.0,2847.0,4063.0,1666.0,649.0,2.567,1672.0,0.0,1672.0,1766.0,8536.0,1788.0,6748.0,0.0,9841.0,4048.0,5793.0,722.0,SEC EDGAR
NVDA,2015,2016-01-31,5010.0,2199.0,2811.0,614.0,569.0,1.079,1175.0,0.0,1175.0,596.0,6053.0,2351.0,3702.0,0.0,7370.0,2814.0,4556.0,784.0,SEC EDGAR
NVDA,2014,2015-01-25,4682.0,2083.0,2599.0,631.0,563.0,1.121,906.0,0.0,906.0,496.654,5713.297,896.03,4817.267,0.0,7201.368,2783.0,4418.368,839.893,SEC EDGAR
NVDA,2013,2014-01-26,4130.0,1862.0,2268.0,440.0,595.0,0.739,835.0,0.0,835.0,1151.587,5624.711,945.496,4679.215,0.0,7250.894,0.0,7250.894,939.191,SEC EDGAR
NVDA,2012,2013-01-27,4280.159,2053.816,2226.343,562.536,624.957,0.9,824.172,0.0,824.172,732.786,4775.258,976.223,3799.035,0.0,6412.245,0.0,6412.245,953.362,SEC EDGAR
NVDA,2011,2012-01-29,3997.93,1941.413,2056.517,581.09,616.371,0.943,909.156,138.735,770.421,667.876,3905.358,929.958,2975.4,0.0,5552.928,0.0,5552.928,967.166,SEC EDGAR
NVDA,2010,2011-01-30,3543.309,2134.219,1409.09,253.146,588.684,0.43,675.797,97.89,577.907,665.361,3226.95,942.682,2284.268,0.0,4495.246,0.0,4495.246,658.589,SEC EDGAR
NVDA,2009,2010-01-31,3326.445,2149.522,1176.923,-67.987,549.574,-0.124,487.807,77.601,410.206,447.221,2480.83,784.378,1696.452,0.0,3585.918,0.0,3585.918,490.302,SEC EDGAR
NVDA,2008,2009-01-25,3424.859,2250.59,1174.269,-30.041,0.548,-54.807,249.36,0.0,249.36,417.688,2167.958,778.591,1389.367,0.0,3350.727,0.0,3350.727,516.945,SEC EDGAR
NVDA,2007,2008-01-27,4097.86,2228.58,1869.28,797.645,0.607,1314.658,1270.196,0.0,1270.196,726.969,0.0,0.0,0.0,0.0,0.0,0.0,0.0,0.0,SEC EDGAR
ORCL,2025,2025-05-31,57399.0,0.0,57399.0,12443.0,2866.0,4.342,20821.0,21215.0,-394.0,10786.0,24579.0,32643.0,-8064.0,0.0,168361.0,0.0,168361.0,62207.0,SEC EDGAR
ORCL,2024,2024-05-31,52961.0,0.0,52961.0,10467.0,2823.0,3.708,18673.0,6866.0,11807.0,10454.0,22554.0,31544.0,-8990.0,0.0,140976.0,0.0,140976.0,62230.0,SEC EDGAR
ORCL,2023,2023-05-31,49954.0,0.0,49954.0,8503.0,2766.0,3.074,17165.0,8695.0,8470.0,9765.0,21004.0,23090.0,-2086.0,0.0,134384.0,0.0,134384.0,62261.0,SEC EDGAR
ORCL,2022,2022-05-31,42440.0,0.0,42440.0,6717.0,2786.0,2.411,9539.0,4511.0,5028.0,21383.0,31633.0,19511.0,12122.0,0.0,109297.0,0.0,109297.0,43811.0,SEC EDGAR
ORCL,2021,2021-05-31,40479.0,0.0,40479.0,13746.0,3022.0,4.549,15887.0,2135.0,13752.0,30098.0,55567.0,24164.0,31403.0,0.0,131107.0,0.0,131107.0,43935.0,SEC EDGAR
ORCL,2020,2020-05-31,39068.0,0.0,39068.0,10135.0,3294.0,3.077,13139.0,1564.0,11575.0,37239.0,52140.0,17200.0,34940.0,0.0,115438.0,0.0,115438.0,43769.0,SEC EDGAR
ORCL,2019,2019-05-31,39506.0,0.0,39506.0,11083.0,3732.0,2.97,14551.0,1660.0,12891.0,20514.0,46386.0,18630.0,27756.0,0.0,108709.0,0.0,108709.0,43779.0,SEC EDGAR
ORCL,2018,2018-05-31,39383.0,0.0,39383.0,3587.0,4238.0,0.846,15386.0,1736.0,13650.0,21620.0,75964.0,19195.0,56769.0,0.0,137264.0,0.0,137264.0,43755.0,SEC EDGAR
ORCL,2017,2017-05-31,37792.0,0.0,37792.0,9452.0,4217.0,2.241,14126.0,2021.0,12105.0,21784.0,74515.0,24178.0,50337.0,0.0,134991.0,0.0,134991.0,43045.0,SEC EDGAR
ORCL,2016,2016-05-31,37047.0,0.0,37047.0,8901.0,4305.0,2.068,13685.0,1189.0,12496.0,20152.0,64313.0,17208.0,47105.0,0.0,112180.0,0.0,112180.0,39533.0,SEC EDGAR
ORCL,2015,2015-05-31,38226.0,0.0,38226.0,9938.0,4503.0,2.207,0.0,1391.0,-1391.0,21716.0,63183.0,15291.0,47892.0,0.0,110903.0,0.0,110903.0,40493.0,SEC EDGAR
ORCL,2014,2014-05-31,38275.0,0.0,38275.0,10955.0,4604.0,2.379,0.0,580.0,-580.0,17769.0,48138.0,14389.0,33749.0,0.0,90344.0,0.0,90344.0,35789.0,SEC EDGAR
ORCL,2013,2013-05-31,37180.0,0.0,37180.0,10925.0,4844.0,2.255,14224.0,650.0,13574.0,14613.0,41692.0,12872.0,28820.0,0.0,81812.0,0.0,81812.0,33983.0,SEC EDGAR
ORCL,2012,2012-05-31,37121.0,0.0,37121.0,9981.0,5095.0,1.959,13743.0,648.0,13095.0,14955.0,40023.0,15388.0,24635.0,0.0,78327.0,0.0,78327.0,33018.0,SEC EDGAR
ORCL,2011,2011-05-31,35622.0,2057.0,33565.0,8547.0,5128.0,1.667,11214.0,450.0,10764.0,16163.0,39174.0,14192.0,24982.0,0.0,73535.0,0.0,73535.0,29413.0,SEC EDGAR
ORCL,2010,2010-05-31,26820.0,880.0,25940.0,6135.0,5073.0,1.209,8681.0,230.0,8451.0,9914.0,27004.0,14691.0,12313.0,0.0,61578.0,0.0,61578.0,29746.0,SEC EDGAR
ORCL,2009,2009-05-31,23252.0,0.0,23252.0,5677.0,5130.0,1.107,8255.0,0.0,8255.0,8995.0,18581.0,9149.0,9432.0,0.0,47416.0,0.0,47416.0,18842.0,SEC EDGAR
ORCL,2008,2008-05-31,22430.0,0.0,22430.0,5581.0,5229.0,1.067,7402.0,0.0,7402.0,8262.0,0.0,0.0,0.0,0.0,0.0,0.0,0.0,0.0,SEC EDGAR
PLTR,2025,2025-12-31,4475.446,789.177,3686.269,1625.033,2565.197,0.633,2134.473,33.882,2100.591,1423.796,8358.174,1175.581,7182.593,0.0,8900.392,1412.381,7488.011,0.0,SEC EDGAR
PLTR,2024,2024-12-31,2865.507,565.99,2299.517,462.19,2450.818,0.189,1153.865,12.634,1141.231,2098.524,5934.289,996.018,4938.271,0.0,6340.884,1246.477,5094.407,0.0,SEC EDGAR
PLTR,2023,2023-12-31,2225.012,431.105,1793.907,209.825,2297.927,0.091,712.183,15.114,697.069,831.047,4138.618,746.018,3392.6,0.0,4522.425,961.46,3560.965,0.0,SEC EDGAR
PLTR,2022,2022-12-31,1905.871,408.549,1497.322,-373.705,2063.793,-0.181,223.737,40.027,183.71,2598.54,3041.577,587.941,2453.636,0.0,3461.239,818.802,2642.437,37.938,SEC EDGAR
PLTR,2021,2021-12-31,1541.889,339.404,1202.485,-520.379,1923.617,-0.271,333.851,12.627,321.224,2290.674,2863.25,660.061,2203.189,0.0,3247.45,956.42,2291.03,1.869,SEC EDGAR
PLTR,2020,2020-12-31,1092.673,352.547,740.126,-1166.391,979.33,-1.191,-296.608,12.236,-308.844,2011.323,2257.429,603.823,1653.606,197.977,2690.504,1167.954,1522.55,0.0,SEC EDGAR
PLTR,2019,2019-12-31,742.555,242.373,500.182,-579.646,576.959,-1.005,-165.215,13.096,-178.311,1079.154,1214.153,728.598,485.555,396.065,1594.025,1447.436,146.589,0.0,SEC EDGAR
PLTR,2018,2018-12-31,595.409,165.401,430.008,-580.027,544.014,-1.066,-39.012,13.004,-52.016,1116.342,0.0,0.0,0.0,0.0,0.0,0.0,0.0,0.0,SEC EDGAR
PYPL,2025,2025-12-31,33172.0,0.0,33172.0,5233.0,968.0,5.406,6416.0,852.0,5564.0,10422.0,59759.0,46443.0,13316.0,9987.0,80173.0,59917.0,20256.0,10864.0,SEC EDGAR
PYPL,2024,2024-12-31,31797.0,0.0,31797.0,4147.0,1039.0,3.991,7450.0,683.0,6767.0,10823.0,61092.0,48376.0,12716.0,9879.0,81611.0,61194.0,20417.0,10837.0,SEC EDGAR
PYPL,2023,2023-12-31,29771.0,0.0,29771.0,4246.0,1107.0,3.836,4843.0,623.0,4220.0,14060.0,62569.0,48466.0,14103.0,9676.0,82166.0,61115.0,21051.0,11026.0,SEC EDGAR
PYPL,2022,2022-12-31,27518.0,0.0,27518.0,2419.0,1158.0,2.089,5813.0,706.0,5107.0,10868.0,57517.0,45101.0,12416.0,10417.0,78717.0,58443.0,20274.0,11209.0,SEC EDGAR
PYPL,2021,2021-12-31,25371.0,0.0,25371.0,4169.0,1186.0,3.515,5797.0,908.0,4889.0,9500.0,52574.0,43029.0,9545.0,8049.0,75803.0,54076.0,21727.0,11454.0,SEC EDGAR
PYPL,2020,2020-12-31,21454.0,0.0,21454.0,4202.0,1187.0,3.54,6219.0,866.0,5353.0,13083.0,50995.0,38447.0,12548.0,8939.0,70379.0,50316.0,20063.0,9135.0,SEC EDGAR
PYPL,2019,2019-12-31,17772.0,0.0,17772.0,2459.0,1188.0,2.07,4071.0,704.0,3367.0,10761.0,38495.0,26919.0,11576.0,4965.0,51333.0,34404.0,16929.0,6212.0,SEC EDGAR
PYPL,2018,2018-12-31,15451.0,0.0,15451.0,2057.0,1203.0,1.71,5480.0,823.0,4657.0,9109.0,32963.0,25904.0,7059.0,0.0,43332.0,27946.0,15386.0,6284.0,SEC EDGAR
PYPL,2017,2017-12-31,13094.0,0.0,13094.0,1795.0,1221.0,1.47,2531.0,667.0,1864.0,5695.0,32645.0,22863.0,9782.0,0.0,40774.0,24780.0,15994.0,4339.0,SEC EDGAR
PYPL,2016,2016-12-31,10842.0,0.0,10842.0,1401.0,1218.0,1.15,3158.0,669.0,2489.0,4975.0,25733.0,16878.0,8855.0,0.0,33103.0,18391.0,14712.0,4059.0,SEC EDGAR
PYPL,2015,2015-12-31,9248.0,0.0,9248.0,1228.0,1229.0,0.999,2546.0,722.0,1824.0,3411.0,20648.0,13617.0,7031.0,0.0,28881.0,15122.0,13759.0,4069.0,SEC EDGAR
PYPL,2014,2014-12-31,8025.0,0.0,8025.0,419.0,1224.0,0.342,2220.0,492.0,1728.0,2230.0,17565.0,13283.0,4282.0,0.0,21917.0,13669.0,8248.0,3189.0,SEC EDGAR
PYPL,2013,2013-12-31,6727.0,0.0,6727.0,955.0,1224.0,0.78,1993.0,391.0,1602.0,1604.0,0.0,0.0,0.0,0.0,0.0,0.0,0.0,3187.0,SEC EDGAR
QCOM,2025,2025-09-28,44284.0,19738.0,24546.0,5541.0,1105.0,5.014,14012.0,1192.0,12820.0,5520.0,25754.0,9144.0,16610.0,14811.0,50143.0,28937.0,21206.0,12506.0,SEC EDGAR
QCOM,2024,2024-09-29,38962.0,17060.0,21902.0,10142.0,1130.0,8.975,12202.0,1041.0,11161.0,7849.0,25231.0,10504.0,14727.0,14634.0,55154.0,28880.0,26274.0,12043.0,SEC EDGAR
QCOM,2023,2023-09-24,35820.0,15869.0,19951.0,7232.0,1126.0,6.423,11299.0,1450.0,9849.0,8450.0,22464.0,9628.0,12836.0,15398.0,51040.0,29459.0,21581.0,12050.0,SEC EDGAR
QCOM,2022,2022-09-25,44200.0,18635.0,25565.0,12936.0,1137.0,11.377,9096.0,2262.0,6834.0,2773.0,20724.0,11866.0,8858.0,14983.0,49014.0,31001.0,18013.0,12390.0,SEC EDGAR
QCOM,2021,2021-09-26,33566.0,14262.0,19304.0,9043.0,1149.0,7.87,10536.0,1888.0,8648.0,7116.0,20075.0,11951.0,8124.0,15245.0,41240.0,31290.0,9950.0,8704.0,SEC EDGAR
QCOM,2020,2020-09-27,23531.0,9255.0,14276.0,5198.0,1149.0,4.524,5814.0,1407.0,4407.0,6707.0,18519.0,8672.0,9847.0,15226.0,35594.0,29517.0,6077.0,7976.0,SEC EDGAR
QCOM,2019,2019-09-29,24273.0,8599.0,15674.0,4386.0,1220.0,3.595,7286.0,887.0,6399.0,11839.0,16765.0,8935.0,7830.0,15434.0,32957.0,28048.0,4909.0,8454.0,SEC EDGAR
QCOM,2018,2018-09-30,22611.0,10244.0,12367.0,-4964.0,1463.0,-3.393,3908.0,784.0,3124.0,11777.0,17384.0,11236.0,6148.0,15365.0,32686.0,31758.0,928.0,9453.0,SEC EDGAR
QCOM,2017,2017-09-24,22258.0,9792.0,12466.0,2445.0,1490.0,1.641,5001.0,690.0,4311.0,35029.0,43593.0,10907.0,32686.0,1496.0,65486.0,34740.0,30746.0,10360.0,SEC EDGAR
QCOM,2016,2016-09-25,23554.0,9749.0,13805.0,5705.0,1498.0,3.808,7632.0,539.0,7093.0,5946.0,22981.0,7311.0,15670.0,0.0,52359.0,20591.0,31768.0,9179.0,SEC EDGAR
QCOM,2015,2015-09-27,25281.0,10378.0,14903.0,5271.0,1639.0,3.216,5506.0,994.0,4512.0,7560.0,22099.0,6100.0,15999.0,1000.0,50796.0,19382.0,31414.0,9221.0,SEC EDGAR
QCOM,2014,2014-09-28,26487.0,10686.0,15801.0,7967.0,1714.0,4.648,8887.0,1185.0,7702.0,7907.0,22413.0,6013.0,16400.0,0.0,48574.0,9408.0,39166.0,7068.0,SEC EDGAR
QCOM,2013,2013-09-29,24866.0,9820.0,15046.0,6853.0,1754.0,3.907,8778.0,1048.0,7730.0,6142.0,19555.0,5213.0,14342.0,0.0,45516.0,9429.0,36087.0,6529.0,SEC EDGAR
QCOM,2012,2012-09-30,19121.0,7096.0,12025.0,6109.0,1741.0,3.509,5998.0,1284.0,4714.0,3807.0,15645.0,5302.0,10343.0,0.0,43012.0,9467.0,33545.0,6855.0,SEC EDGAR
QCOM,2011,2011-09-25,14957.0,4877.0,10080.0,4260.0,1691.0,2.519,4900.0,593.0,4307.0,5462.0,14293.0,5289.0,9004.0,994.0,36422.0,9450.0,26972.0,6531.0,SEC EDGAR
QCOM,2010,2010-09-26,10982.0,3301.0,7681.0,3247.0,1658.0,1.958,4076.0,426.0,3650.0,3547.0,12133.0,5468.0,6665.0,0.0,30572.0,9714.0,20858.0,4510.0,SEC EDGAR
QCOM,2009,2009-09-27,10387.0,3025.0,7362.0,1592.0,1673.0,0.952,7172.0,761.0,6411.0,2717.0,12570.0,2813.0,9757.0,0.0,27445.0,7129.0,20316.0,4557.0,SEC EDGAR
QCOM,2008,2008-09-28,11142.0,3414.0,7728.0,3160.0,1660.0,1.904,3558.0,1397.0,2161.0,1840.0,11723.0,2291.0,9432.0,0.0,24563.0,6619.0,17944.0,4621.0,SEC EDGAR
QCOM,2007,2007-09-30,8871.0,2681.0,6190.0,3303.0,1693.0,1.951,3811.0,818.0,2993.0,2411.0,0.0,0.0,0.0,0.0,0.0,0.0,0.0,0.0,SEC EDGAR
RKLB,2025,2025-12-31,601.799,394.618,207.181,-198.209,530.665,-0.374,-165.521,156.285,-321.806,828.66,1365.544,334.476,1031.068,1.716,2324.478,602.624,1721.854,430.496,SEC EDGAR
RKLB,2024,2024-12-31,436.214,320.065,116.149,-190.175,495.93,-0.383,-48.89,67.093,-115.983,271.042,692.621,339.525,353.096,56.094,1184.342,801.889,382.453,129.657,SEC EDGAR
RKLB,2023,2023-12-31,244.592,193.183,51.409,-182.571,481.768,-0.379,-98.867,54.707,-153.574,162.518,476.722,223.373,253.349,105.351,941.211,386.667,554.544,139.114,SEC EDGAR
RKLB,2022,2022-12-31,210.996,192.006,18.99,-135.944,466.214,-0.292,-106.538,42.412,-148.95,242.515,662.294,162.94,499.354,102.949,989.123,315.917,673.206,150.712,SEC EDGAR
RKLB,2021,2021-12-31,62.237,64.13,-1.893,-117.32,209.895,-0.559,-71.791,25.699,-97.49,690.959,774.764,96.307,678.457,100.124,980.847,282.399,698.448,100.795,SEC EDGAR
RKLB,2020,2020-12-31,35.16,46.977,-11.817,-55.005,75.415,-0.729,-27.757,25.121,-52.878,0.866,1.233,0.217,1.015,0.0,321.327,11.417,309.91,14.482,SEC EDGAR
SMCI,2025,2025-06-30,21972.042,19542.12,2429.922,1048.854,628.402,1.669,1659.524,127.214,1532.31,5169.911,12301.654,2344.792,9956.862,0.0,14018.429,7716.558,6301.871,0.0,SEC EDGAR
SMCI,2024,2024-06-30,14989.251,12927.841,2061.41,1152.666,602.146,1.914,-2485.972,124.279,-2610.251,1669.766,8931.96,2345.721,6586.239,0.0,9826.092,4408.722,5417.37,0.0,SEC EDGAR
SMCI,2023,2023-06-30,7123.482,5840.47,1283.012,639.998,559.704,1.143,663.58,36.793,626.787,440.459,3179.426,1374.652,1804.774,290.302,3674.729,1702.559,1972.17,0.0,SEC EDGAR
SMCI,2022,2022-06-30,5196.099,4396.098,800.001,285.163,536.155,0.532,-440.801,45.182,-485.983,267.397,2806.315,1470.024,1336.291,596.764,3205.077,1779.33,1425.747,0.0,SEC EDGAR
SMCI,2021,2021-06-30,3557.422,3022.884,534.538,111.865,53.507,2.091,122.955,58.016,64.939,232.266,1867.259,968.896,898.363,98.19,2241.964,1145.566,1096.398,0.0,SEC EDGAR
SMCI,2020,2020-06-30,3339.281,2813.071,526.21,84.308,52.838,1.596,-30.334,44.338,-74.672,210.533,1592.761,707.635,885.126,29.401,1918.646,852.939,1065.707,0.0,SEC EDGAR
SMCI,2019,2019-06-30,3500.36,3004.838,495.522,71.918,51.716,1.391,262.554,24.849,237.705,248.164,1421.771,605.969,815.802,23.647,1682.594,741.418,941.176,0.0,SEC EDGAR
SMCI,2018,2018-06-30,3360.492,2930.498,429.994,46.165,52.151,0.885,84.347,24.824,59.523,115.377,1530.878,811.557,719.321,116.181,1769.505,925.853,843.652,0.0,SEC EDGAR
SMCI,2017,2017-06-30,2484.929,2134.971,349.958,66.854,51.679,1.294,-96.188,29.365,-125.553,110.606,1261.166,672.53,588.636,0.0,1515.13,741.284,773.846,0.0,SEC EDGAR
SMCI,2016,2016-06-30,2225.022,1894.521,330.501,72.081,51.836,1.391,107.987,34.108,73.879,180.964,938.002,363.618,574.384,40.0,1165.6,444.221,721.379,0.0,SEC EDGAR
SMCI,2015,2015-06-30,1954.353,1647.769,306.584,92.555,50.094,1.848,-46.125,35.1,-81.225,95.442,914.415,454.107,460.308,0.933,1089.809,470.724,619.085,0.0,SEC EDGAR
SMCI,2014,2014-06-30,1467.202,1241.657,225.545,54.157,46.512,1.164,6.538,40.567,-34.029,96.872,654.081,310.886,343.195,63.986,796.325,327.094,469.231,0.0,SEC EDGAR
SMCI,2013,2013-06-30,1162.561,1002.508,160.053,21.279,43.907,0.485,13.583,5.001,8.582,93.038,523.192,241.664,281.528,46.07,632.257,258.533,373.724,0.0,SEC EDGAR
SMCI,2012,2012-06-30,1013.874,848.457,165.417,29.853,44.152,0.676,16.467,24.862,-8.395,80.826,481.912,220.508,261.404,32.757,589.103,250.752,338.351,0.0,SEC EDGAR
SMCI,2011,2011-06-30,942.582,791.478,151.104,40.213,42.396,0.949,8.48,16.202,-7.722,69.943,369.622,140.647,228.975,28.151,464.62,177.363,287.257,0.0,SEC EDGAR
SMCI,2010,2010-06-30,721.438,606.446,114.992,26.915,40.735,0.661,-2.174,22.223,-24.397,72.644,0.0,0.0,0.0,0.0,0.0,0.0,0.0,0.0,SEC EDGAR
SNOW,2025,2026-01-31,4683.946,1537.805,3146.141,-1329.035,337.493,-3.938,1221.942,101.628,1120.314,2828.163,5742.612,4421.691,1320.921,0.0,9132.495,7208.393,1924.102,1441.283,SEC EDGAR
SNOW,2024,2025-01-31,3626.396,1214.673,2411.723,-1289.212,332.707,-3.875,959.764,46.279,913.485,2628.798,5869.372,3301.183,2568.189,0.0,9033.938,6027.295,3006.643,1334.587,SEC EDGAR
SNOW,2023,2024-01-31,2806.489,898.558,1907.931,-837.99,328.001,-2.555,848.122,35.086,813.036,1762.749,5039.264,2731.23,2308.034,0.0,8223.383,3032.789,5190.594,1307.317,SEC EDGAR
SNOW,2022,2023-01-31,2065.659,717.54,1348.119,-797.526,318.73,-2.502,545.639,25.128,520.511,939.902,4984.69,1993.517,2991.173,0.0,7722.322,2253.707,5468.615,843.383,SEC EDGAR
SNOW,2021,2022-01-31,1219.327,458.433,760.894,-679.948,300.273,-2.264,110.179,16.221,93.958,1085.729,4598.643,1397.093,3201.55,0.0,6649.698,1600.653,5049.045,45.59,SEC EDGAR
SNOW,2020,2021-01-31,592.049,242.588,349.461,-539.102,141.613,-3.807,-45.417,35.037,-80.454,820.177,4300.652,789.264,3511.388,0.0,5921.739,985.268,4936.471,24.54,SEC EDGAR
SNOW,2019,2020-01-31,264.748,116.557,148.191,-348.535,44.847,-7.772,-176.558,18.583,-195.141,127.206,665.194,416.455,248.739,0.0,1012.72,621.003,391.717,11.844,SEC EDGAR
SNOW,2018,2019-01-31,96.666,51.753,44.913,-178.028,0.0,0.0,-143.982,2.058,-146.04,116.541,0.0,0.0,0.0,0.0,0.0,0.0,0.0,0.0,SEC EDGAR
SOFI,2025,2025-12-31,3613.354,608.998,3004.356,481.32,1251.767,0.385,-3742.458,242.444,-3984.902,4929.452,0.0,0.0,0.0,0.0,50660.478,40170.983,10489.495,1625.424,SEC EDGAR
SOFI,2024,2024-12-31,2674.859,461.633,2213.226,498.665,1101.39,0.453,-1119.807,154.265,-1274.072,2538.293,0.0,0.0,0.0,0.0,36250.951,29725.817,6525.134,1691.299,SEC EDGAR
SOFI,2023,2023-12-31,2122.789,379.998,1742.791,-300.742,945.024,-0.318,-7227.139,111.409,-7338.548,3085.02,0.0,0.0,0.0,0.0,30074.858,24519.872,5554.986,1757.553,SEC EDGAR
SOFI,2022,2022-12-31,1573.535,313.226,1260.309,-320.407,900.886,-0.356,-7255.858,93.201,-7349.059,1421.907,0.0,0.0,0.0,0.0,19007.675,13479.199,5528.476,2065.146,SEC EDGAR
SOFI,2021,2021-12-31,984.872,256.98,727.892,-483.937,526.73,-0.919,-1350.217,52.261,-1402.478,494.711,0.0,0.0,0.0,0.0,9176.326,4478.623,4697.703,1183.106,SEC EDGAR
SOFI,2020,2020-12-31,565.532,178.896,386.636,-224.053,73.851,-3.034,-479.336,24.549,-503.885,0.26,1.061,0.183,0.877,0.0,806.078,28.358,777.72,1254.356,SEC EDGAR
SOFI,2019,2019-12-31,442.659,116.327,326.332,-239.697,65.619,-3.653,-54.733,37.59,-92.323,499.486,0.0,0.0,0.0,0.0,0.0,0.0,0.0,15.673,SEC EDGAR
SYM,2025,2025-09-27,2246.922,1824.312,422.61,-16.937,108.67,-0.156,866.939,0.0,866.939,1244.993,1890.328,1729.423,160.905,0.0,2401.197,1917.984,483.213,139.02,SEC EDGAR
SYM,2024,2024-09-28,1788.179,1542.513,245.666,-13.49,95.697,-0.141,-58.077,42.237,-100.314,727.31,1355.537,1017.146,338.391,0.0,1578.552,1188.422,390.13,3.664,SEC EDGAR
SYM,2023,2023-09-30,1176.891,987.152,189.739,-23.866,64.339,-0.371,230.794,15.688,215.106,258.77,991.795,1025.459,-33.664,0.0,1050.71,1053.426,-2.716,0.217,SEC EDGAR
SYM,2022,2022-09-24,593.312,493.665,99.647,-6.863,54.086,-0.127,-148.247,17.95,-166.197,353.457,605.398,522.957,82.441,0.0,631.263,562.323,68.94,0.65,SEC EDGAR
SYM,2021,2021-09-25,251.913,241.466,10.447,-122.314,0.0,0.0,109.567,12.168,97.399,156.634,260.42,336.972,-76.552,0.0,280.535,557.503,-276.968,1.164,SEC EDGAR
SYM,2020,2020-09-26,92.086,111.016,-18.93,-109.521,0.0,0.0,-124.307,5.071,-129.378,0.0,0.0,0.0,0.0,0.0,0.0,0.0,0.0,0.0,SEC EDGAR
TSLA,2025,2025-12-31,94827.0,77733.0,17094.0,3794.0,3528.0,1.075,14747.0,8527.0,6220.0,44059.0,68642.0,31714.0,36928.0,0.0,137806.0,54941.0,82865.0,381.0,SEC EDGAR
TSLA,2024,2024-12-31,97690.0,80240.0,17450.0,7091.0,3498.0,2.027,14923.0,11342.0,3581.0,36563.0,58360.0,28821.0,29539.0,0.0,122070.0,48390.0,73680.0,394.0,SEC EDGAR
TSLA,2023,2023-12-31,96773.0,79113.0,17660.0,14997.0,3485.0,4.303,13256.0,8899.0,4357.0,29094.0,49616.0,28748.0,20868.0,0.0,106618.0,43009.0,63609.0,431.0,SEC EDGAR
TSLA,2022,2022-12-31,81462.0,60609.0,20853.0,12556.0,3475.0,3.613,14724.0,7158.0,7566.0,22185.0,40917.0,26709.0,14208.0,0.0,82338.0,36440.0,45898.0,409.0,SEC EDGAR
TSLA,2021,2021-12-31,53823.0,40217.0,13606.0,5519.0,3386.0,1.63,11497.0,6482.0,5015.0,17707.0,27100.0,19705.0,7395.0,0.0,62131.0,30548.0,31583.0,457.0,SEC EDGAR
TSLA,2020,2020-12-31,31536.0,24906.0,6630.0,721.0,3249.0,0.222,5943.0,3157.0,2786.0,19384.0,26717.0,14248.0,12469.0,0.0,52148.0,28418.0,23730.0,520.0,SEC EDGAR
TSLA,2019,2019-12-31,24578.0,20509.0,4069.0,-862.0,887.0,-0.972,2405.0,1327.0,1078.0,6268.0,12103.0,10667.0,1436.0,0.0,34309.0,26199.0,8110.0,537.0,SEC EDGAR
TSLA,2018,2018-12-31,21461.0,17419.0,4042.0,-976.0,853.0,-1.144,2098.0,2101.0,-3.0,3685.618,8306.308,9992.136,-1685.828,2567.699,29739.614,23426.01,6313.604,350.651,SEC EDGAR
TSLA,2017,2017-12-31,11759.0,9536.0,2223.0,-1962.0,166.0,-11.819,-61.0,3415.0,-3476.0,3367.914,6570.52,7674.67,-1104.15,796.549,28655.372,23022.98,5632.392,421.739,SEC EDGAR
TSLA,2016,2016-12-31,7000.132,5400.875,1599.257,-674.914,144.212,-4.68,-123.829,1280.802,-1404.631,3393.216,6259.796,5827.005,432.791,984.211,22664.076,16750.167,5913.909,376.145,SEC EDGAR
TSLA,2015,2015-12-31,4046.025,3122.522,923.503,-888.663,128.202,-6.932,0.0,1634.85,-1634.85,1196.908,2791.568,2816.274,-24.706,633.166,8092.46,6961.471,1130.989,12.816,SEC EDGAR
TSLA,2014,2014-12-31,3198.356,2316.685,881.671,-294.04,0.0,0.0,0.0,969.885,-969.885,1905.713,3198.657,2107.166,1091.491,611.099,5849.251,4879.345,969.906,0.0,SEC EDGAR
TSLA,2013,2013-12-31,2013.496,1557.234,456.262,-74.014,0.0,0.0,257.994,264.224,-6.23,845.889,1265.939,675.16,590.779,0.0,2416.93,1749.81,667.12,0.0,SEC EDGAR
TSLA,2012,2012-12-31,413.256,383.189,30.067,-396.213,0.0,0.0,-266.081,239.228,-505.309,201.89,524.768,539.108,-14.34,452.336,1114.19,989.49,124.7,0.0,SEC EDGAR
TSLA,2011,2011-12-31,204.242,142.647,61.595,-254.411,0.0,0.0,-128.034,184.226,-312.26,255.266,372.838,191.339,181.499,276.251,713.448,489.403,224.045,0.0,SEC EDGAR
TSLA,2010,2010-12-31,116.744,86.013,30.731,-154.328,0.0,0.0,-127.817,40.203,-168.02,99.558,235.886,85.565,150.321,71.828,386.082,179.034,207.048,0.0,SEC EDGAR
TSLA,2009,2009-12-31,111.943,102.408,9.535,-55.74,0.0,0.0,-80.825,11.884,-92.709,69.627,0.0,0.0,0.0,0.0,0.0,0.0,0.0,0.0,SEC EDGAR
VRT,2025,2025-12-31,10229.9,6514.7,3715.2,1332.8,390.653,3.412,2113.8,220.0,1893.8,1728.4,6819.5,4407.0,2412.5,2913.0,12212.4,8271.1,3941.3,3928.5,SEC EDGAR
VRT,2024,2024-12-31,8011.8,5077.6,2934.2,495.8,386.325,1.283,1319.3,167.0,1152.3,1227.6,5101.8,3097.0,2004.8,2928.2,9132.5,6698.2,2434.3,2808.2,SEC EDGAR
VRT,2023,2023-12-31,6863.2,4462.7,2400.5,460.2,386.226,1.192,900.5,127.9,772.6,780.4,4001.5,2305.4,1696.1,2940.9,7998.5,5983.6,2014.9,3003.2,SEC EDGAR
VRT,2022,2022-12-31,5691.5,4075.4,1616.1,76.6,378.224,0.203,-152.8,100.0,-252.8,260.6,3158.7,1897.9,1260.8,3190.9,7095.7,5653.8,1441.9,3100.8,SEC EDGAR
VRT,2021,2021-12-31,4998.1,3475.4,1522.7,119.6,360.14,0.332,210.9,73.4,137.5,439.1,2698.6,1854.8,843.8,2972.3,6939.6,5521.9,1417.7,3468.3,SEC EDGAR
VRT,2020,2020-12-31,4370.6,2896.9,1473.7,-327.3,307.076,-1.066,208.9,44.4,164.5,534.6,2518.8,1673.1,845.7,2152.5,5073.8,4405.5,668.3,1909.7,SEC EDGAR
VRT,2019,2019-12-31,0.0,2978.2,-2978.2,-140.8,118.262,-1.191,57.5,47.6,9.9,223.5,709.053,30.752,678.301,3467.3,709.053,30.752,678.301,2047.4,SEC EDGAR
VRT,2018,2018-12-31,0.0,2865.2,-2865.2,-314.0,118.262,-2.655,-221.9,64.6,-286.5,215.1,1.177,1.278,-0.101,0.0,697.339,25.428,671.912,634.0,SEC EDGAR
VRT,2017,2017-12-31,0.0,0.0,0.0,-0.001,0.0,0.0,0.0,0.0,0.0,0.0,0.025,0.001,0.024,0.0,0.025,0.001,0.024,0.0,SEC EDGAR
VRTX,2025,2025-12-31,12001.3,1651.3,10350.0,3953.2,258.0,15.322,3631.4,437.6,3193.8,5084.8,11201.0,3861.2,7339.8,0.0,25643.0,6977.2,18665.8,1512.2,SEC EDGAR
VRTX,2024,2024-12-31,11020.1,1530.5,9489.6,-535.6,257.9,-2.077,-492.6,297.7,-790.3,4569.6,9596.4,3564.6,6031.8,0.0,22533.2,6123.6,16409.6,1913.9,SEC EDGAR
VRTX,2023,2023-12-31,9869.2,1262.2,8607.0,3619.6,260.5,13.895,3537.3,200.4,3336.9,10369.1,14144.2,3547.4,10596.8,0.0,22730.2,5149.8,17580.4,1927.9,SEC EDGAR
VRTX,2022,2022-12-31,8930.7,1080.3,7850.4,3322.0,259.1,12.821,4129.9,204.7,3925.2,10504.0,13234.8,2742.1,10492.7,0.0,18150.9,4238.2,13912.7,1691.6,SEC EDGAR
VRTX,2021,2021-12-31,7574.4,904.2,6670.2,2342.1,259.9,9.012,2643.5,235.0,2408.5,6795.0,9560.6,2142.0,7418.6,0.0,13432.5,3332.5,10100.0,1402.2,SEC EDGAR
VRTX,2020,2020-12-31,6205.7,736.3,5469.4,2711.7,263.4,10.295,3253.5,259.8,2993.7,5988.187,8133.379,1877.533,6255.846,0.0,11751.808,3064.993,8686.815,1402.158,SEC EDGAR
VRTX,2019,2019-12-31,4162.8,547.8,3615.0,1176.8,260.7,4.514,1569.3,75.4,1493.9,3109.322,4822.829,1334.827,3488.002,0.0,8318.465,2233.221,6085.244,1402.158,SEC EDGAR
VRTX,2018,2018-12-31,3047.597,409.539,2638.058,2096.896,259.185,8.09,1270.286,95.449,1174.837,2650.134,3843.109,1120.292,2722.817,0.0,6245.898,1810.695,4435.203,50.384,SEC EDGAR
VRTX,2017,2017-12-31,2488.652,275.119,2213.533,263.484,253.225,1.041,844.942,99.421,745.521,1665.412,2648.963,807.26,1841.703,0.0,3546.014,1503.708,2042.306,50.384,SEC EDGAR
VRTX,2016,2016-12-31,1702.177,210.46,1491.717,-112.052,244.685,-0.458,236.103,56.563,179.54,1183.945,1831.54,792.537,1039.003,0.0,2896.787,1558.596,1338.191,50.384,SEC EDGAR
VRTX,2015,2015-12-31,1032.336,117.151,915.185,-556.334,241.312,-2.305,-365.432,45.302,-410.734,714.768,1407.153,506.349,900.804,0.0,2498.875,1405.247,1093.628,50.384,SEC EDGAR
VRTX,2014,2014-12-31,580.415,39.725,540.69,-738.555,235.307,-3.139,-573.112,51.201,-624.313,625.259,1546.511,368.254,1178.257,0.0,2334.679,1238.496,1096.183,39.915,SEC EDGAR
VRTX,2013,2013-12-31,1211.975,88.979,1122.996,-445.028,224.906,-1.979,-60.666,51.393,-112.059,569.299,1588.576,397.829,1190.747,0.0,2319.041,962.636,1356.405,30.992,SEC EDGAR
VRTX,2012,2012-12-31,1527.042,236.742,1290.3,-107.032,215.262,-0.497,267.841,71.14,196.701,489.407,1589.585,432.624,1156.961,0.0,2759.288,1524.906,1234.382,30.992,SEC EDGAR
VRTX,2011,2011-12-31,1410.626,63.625,1347.001,29.574,208.807,0.142,143.735,34.595,109.14,475.32,1331.254,392.348,938.906,0.0,2204.28,1238.768,965.512,30.992,SEC EDGAR
VRTX,2010,2010-12-31,143.37,0.0,143.37,-754.626,200.402,-3.766,-635.442,38.054,-673.496,243.197,1057.039,474.783,582.256,0.0,1725.446,1221.473,503.973,26.102,SEC EDGAR
VRTX,2009,2009-12-31,101.889,0.0,101.889,-642.178,173.259,-3.706,-427.586,23.496,-451.082,446.658,1307.026,284.883,1022.143,0.0,1955.488,859.142,1096.346,26.102,SEC EDGAR
VRTX,2008,2008-12-31,175.504,0.0,175.504,-459.851,140.556,-3.272,-226.482,32.18,-258.662,389.115,0.0,0.0,0.0,0.0,0.0,0.0,0.0,0.0,SEC EDGAR
ZETA,2025,2025-12-31,1304.668,513.587,791.081,-31.509,220.723,-0.143,198.902,13.815,185.087,319.764,685.783,429.481,256.302,197.083,1503.524,698.935,804.589,745.829,SEC EDGAR
ZETA,2024,2024-12-31,1005.754,399.552,606.202,-69.771,185.984,-0.375,133.861,25.727,108.134,366.157,616.54,199.337,417.203,196.288,1111.373,434.572,676.801,441.172,SEC EDGAR
ZETA,2023,2023-12-31,728.723,274.482,454.241,-187.481,156.697,-1.196,90.523,20.483,70.04,131.732,309.754,176.385,133.369,184.147,550.714,370.194,180.52,189.686,SEC EDGAR
ZETA,2022,2022-12-31,590.961,215.466,375.495,-279.239,138.985,-2.009,78.486,22.232,56.254,121.11,236.448,128.71,107.738,183.953,466.502,338.472,128.03,177.427,SEC EDGAR
ZETA,2021,2021-12-31,458.338,174.72,283.618,-249.563,86.932,-2.871,44.292,9.482,34.81,103.859,196.056,105.757,90.299,183.613,397.265,306.777,90.488,155.472,SEC EDGAR
ZETA,2020,2020-12-31,368.12,148.878,219.242,-53.225,32.589,-1.633,35.539,2.249,33.29,50.725,141.368,103.979,37.389,189.693,286.286,371.296,-85.01,105.023,SEC EDGAR
ZETA,2019,2019-12-31,306.051,110.385,195.666,-38.465,31.579,-1.218,30.599,3.3,27.299,37.818,0.0,0.0,0.0,0.0,0.0,0.0,0.0,78.15,SEC EDGAR
